,TRNUNT,TRNPI1,TRNPQ1,EquipmentID,min_odo,max_odo,median_odo,odo_change,Count
1,1520,ULSD,2767.74,1520,511876.7,587759.8,579919.6499999999,75883.10000000003,1840.0
2,1521,ULSD,4406.219999999998,1521,583918.2,612074.6,597780.8,28156.400000000023,2597.0
3,1522,ULSD,3662.87,1522,206524.5,226182.2,216718.9,19657.70000000001,2666.0
4,1523,ULSD,1909.9099999999999,1523,552332.1,563615.1,552350.9,11283.0,165.0
5,1524,ULSD,3912.9799999999996,1524,492407.9,517765.3,504675.3,25357.399999999965,2387.0
7,1526,ULSD,1942.9899999999998,1526,576860.3,590814.4,583874.1,13954.099999999977,1621.0
8,1527,ULSD,4736.100000000002,1527,598520.9,629400.4,614790.3,30879.5,3309.0
9,1528,ULSD,5016.94,1528,587206.3,618110.9,602612.4,30904.599999999977,3465.0
10,1529,ULSD,3879.9899999999993,1529,526439.8,550944.3,538105.6,24504.5,2896.0
11,1530,ULSD,4086.91,1530,548250.6,573175.2,559151.8,24924.599999999977,3106.0
12,1531,ULSD,3349.7999999999993,1531,457957.5,480176.9,468828.8,22219.400000000023,2668.0
13,1532,ULSD,2344.21,1532,567877.6,581694.8,576105.4,13817.20000000007,3160.0
14,1533,ULSD,2064.35,1533,551866.9,563717.5,558615.5,11850.599999999977,1288.0
15,1534,ULSD,14154.900000000001,1534,478171.4,501430.7,489214.9,23259.29999999999,3629.0
16,1535,ULSD,5193.02,1535,575337.7,610150.2,591665.6,34812.5,3752.0
17,1536,ULSD,2378.87,1536,600940.9,616209.5,611882.5,15268.599999999977,1934.0
18,1537,ULSD,1074.61,1537,553831.0,560601.8,559010.1,6770.800000000047,1897.0
20,1539,ULSD,2492.74,1539,569238.8,586103.0,577426.9,16864.199999999953,2867.0
21,1540,ULSD,3989.02,1540,592017.1,618111.6,605064.8,26094.5,3607.0
22,1541,ULSD,3054.600000000001,1541,537117.4,556623.6,547005.6,19506.199999999953,2392.0
23,1542,ULSD,4152.71,1542,513062.5,539395.8,526505.7,26333.300000000047,3290.0
24,1543,ULSD,5457.9,1543,511661.6,548681.4,531623.9,37019.80000000005,6092.0
25,1544,ULSD,4361.87,1544,574855.8,603917.1,589654.8,29061.29999999993,3449.0
26,1545,ULSD,4561.51,1545,576231.4,604582.6,591639.8,28351.199999999953,3442.0
27,1546,ULSD,4187.53,1546,540053.6,566249.4,553006.8500000001,26195.800000000047,2688.0
28,1547,ULSD,3471.6600000000008,1547,542976.4,566828.2,555733.2,23851.79999999993,3305.0
29,1548,ULSD,1031.73,1548,536395.2,542438.3,539163.8,6043.100000000093,2017.0
30,1549,ULSD,3236.3900000000003,1549,565549.2,585928.2,575738.8,20379.0,2995.0
31,1550,ULSD,7356.609999999997,1550,486975.9,539659.1,503643.4,52683.19999999995,3531.0
32,1551,ULSD,12079.200000000003,1551,503562.6,581044.2,544946.6,77481.59999999998,9121.0
33,1552,ULSD,9104.810000000001,1552,510184.7,567565.9,541264.35,57381.20000000001,8592.0
34,1554,ULSD,5198.23,1554,524947.2,563020.0,541121.5,38072.80000000005,4126.0
35,1555,ULSD,8717.69,1555,477812.8,540178.4,495182.5,62365.600000000035,9579.0
36,1556,ULSD,10477.299999999997,1556,498167.1,564552.7,534489.6,66385.59999999998,7927.0
37,1557,ULSD,6646.339999999998,1557,508537.7,549173.4,531972.8,40635.70000000001,5188.0
38,1558,ULSD,11725.960000000001,1558,431923.3,505251.2,466197.55000000005,73327.90000000002,10561.0
39,1559,ULSD,15244.250000000007,1559,505629.3,607715.9,560695.8,102086.60000000003,12983.0
40,1560,ULSD,14149.410000000005,1560,491945.1,582178.7,539898.4,90233.59999999998,11978.0
41,1561,ULSD,10612.150000000003,1561,493721.8,562495.0,535516.8,68773.20000000001,8089.0
42,1562,ULSD,11686.570000000002,1562,518796.9,594146.0,557852.2,75349.09999999998,8343.0
43,1563,ULSD,6615.580000000001,1563,364114.1,499325.4,399781.2,135211.30000000005,9661.0
44,1564,ULSD,5698.209999999999,1564,498691.0,531260.9,515350.2,32569.900000000023,7204.0
45,1565,ULSD,14866.070000000003,1565,505265.2,599301.4,565625.35,94036.20000000001,12423.0
46,1566,ULSD,8098.619999999998,1566,508332.1,558037.8,527616.5,49705.70000000007,8097.0
47,1567,ULSD,14222.890000000018,1567,480368.2,572417.4,524016.8,92049.20000000001,11591.0
48,1568,ULSD,13068.349999999995,1568,505912.5,592019.6,556361.1,86107.09999999998,10775.0
49,1569,ULSD,4722.539999999999,1569,517996.2,527936.1,523219.2,9939.899999999965,1485.0
50,1570,ULSD,10341.349999999999,1570,490032.0,554954.1,521849.35,64922.09999999998,8461.0
51,1571,ULSD,11204.63,1571,552317.2,632573.3,608125.9,80256.1000000001,9997.0
52,1572,ULSD,13525.939999999997,1572,508525.9,599044.8,553628.5,90518.90000000002,10136.0
53,1573,ULSD,7174.74,1573,487717.0,544249.7,502253.0,56532.69999999995,3953.0
54,1574,ULSD,14575.329999999994,1574,473342.3,574380.4,514663.9,101038.10000000003,11759.0
55,1575,ULSD,10996.740000000002,1575,490787.1,559991.0,527446.9,69203.90000000002,9977.0
56,1576,ULSD,17828.65,1576,491358.0,600194.9,547962.3,108836.90000000002,13068.0
57,1577,ULSD,5127.7300000000005,1577,398171.1,479644.6,462167.6,81473.5,12935.0
58,1578,ULSD,12291.26,1578,478738.0,557640.8,511914.1,78902.80000000005,11428.0
59,1579,ULSD,9367.529999999999,1579,464579.4,524684.1,494114.4,60104.69999999995,8513.0
60,1580,ULSD,12566.039999999995,1580,500945.2,579221.3,539401.0,78276.10000000003,10401.0
61,1581,ULSD,13528.620000000004,1581,451399.8,536804.6,495853.5,85404.79999999999,12304.0
62,1582,ULSD,6289.719999999999,1582,492414.2,534213.1,504292.5,41798.899999999965,3395.0
63,1583,ULSD,6758.209999999998,1583,480149.5,532421.4,488943.1,52271.90000000002,2294.0
64,1584,ULSD,11021.570000000002,1584,500730.0,570049.7,511876.7,69319.69999999995,9456.0
65,1585,ULSD,11209.550000000007,1585,513931.8,587105.6,545018.9,73173.79999999999,9653.0
66,1586,ULSD,12365.26,1586,497291.1,574355.3,537818.4,77064.20000000007,13391.0
67,1587,ULSD,10885.93000000001,1587,521612.2,590925.0,557865.4,69312.79999999999,9298.0
68,1588,ULSD,13651.850000000002,1588,441818.5,530434.6,486954.8,88616.09999999998,11597.0
69,1589,ULSD,13644.059999999996,1589,488762.4,573477.2,529817.4,84714.79999999993,14379.0
70,1590,ULSD,15866.479999999994,1590,455684.4,553460.0,504678.7,97775.59999999998,12849.0
71,1591,ULSD,7920.640000000001,1591,488403.5,536319.9,510471.65,47916.40000000002,9593.0
72,1592,ULSD,11213.010000000002,1592,460619.9,531158.9,501938.0,70539.0,10535.0
73,1593,ULSD,14351.140000000003,1593,441415.7,531350.1,492267.8,89934.39999999997,10583.0
74,1594,ULSD,12939.99,1594,509806.2,589256.8,555310.9,79450.60000000003,10307.0
75,1595,ULSD,17548.420000000006,1595,495096.1,600132.4,547580.4,105036.30000000005,14602.0
76,1596,ULSD,18680.99,1596,479152.2,597665.6,539625.55,118513.39999999997,12638.0
77,1597,ULSD,17188.870000000003,1597,508335.3,616982.4,569907.9,108647.10000000003,14419.0
78,1598,ULSD,15306.520000000006,1598,474063.0,571770.8,533120.0,97707.80000000005,12727.0
79,1599,ULSD,17437.309999999998,1599,451597.6,563537.2,509613.4,111939.59999999998,11832.0
80,1600,ULSD,15414.729999999996,1600,435611.4,531120.4,484001.8,95509.0,12732.0
81,1601,ULSD,16358.050000000001,1601,534940.8,634751.2,585931.8999999999,99810.3999999999,12006.0
82,1602,ULSD,16637.279999999995,1602,459391.7,553195.8,505521.5,93804.10000000003,16154.0
83,1603,ULSD,16133.160000000009,1603,509479.6,600393.8,557035.2,90914.20000000007,11271.0
84,1604,ULSD,16303.299999999994,1604,503225.0,604590.3,558047.8,101365.30000000005,12615.0
85,1605,ULSD,19849.680000000008,1605,445504.7,579900.2,512712.6,134395.49999999994,13927.0
86,1606,ULSD,17595.820000000014,1606,484245.0,602763.9,543819.8,118518.90000000002,17426.0
87,1607,ULSD,15443.030000000002,1607,539173.4,637546.1,591813.55,98372.69999999995,15399.0
88,1608,ULSD,17573.5,1608,466601.5,590632.9,533775.4,124031.40000000002,15150.0
89,1609,ULSD,15636.890000000001,1609,499877.6,607842.2,557595.1,107964.59999999998,15684.0
90,1610,ULSD,16599.39000000002,1610,453937.3,567869.6,506895.3,113932.29999999999,12421.0
91,1611,ULSD,13657.31999999999,1611,423301.7,519457.8,478673.6,96156.09999999998,10641.0
92,1612,ULSD,15317.400000000021,1612,489217.3,612465.8,549713.4,123248.50000000006,14983.0
93,1613,ULSD,15642.749999999995,1613,469940.4,575147.2,526191.8,105206.79999999993,14233.0
94,1614,ULSD,14961.780000000006,1614,462963.5,570791.8,510526.5,107828.30000000005,14049.0
95,1615,ULSD,13374.690000000002,1615,434582.0,529497.8,483908.55,94915.80000000005,12644.0
96,1616,ULSD,11651.970000000005,1616,466571.5,552379.9,509405.2,85808.40000000002,9668.0
97,1617,ULSD,19011.15999999999,1617,467600.9,591628.5,523084.0,124027.59999999998,15953.0
98,1618,ULSD,19253.03999999998,1618,442705.5,572320.4,501742.1,129614.90000000002,17883.0
99,1619,ULSD,16236.460000000003,1619,484961.5,590744.7,535026.7,105783.19999999995,16902.0
100,1620,ULSD,18354.669999999995,1620,456229.5,577262.4,520335.30000000005,121032.90000000002,11549.0
101,1621,ULSD,15648.760000000006,1621,468479.1,575708.8,522337.9,107229.70000000007,12856.0
102,1622,ULSD,5952.91,1622,516759.2,526931.8,521573.0,10172.600000000035,928.0
103,1623,ULSD,16796.309999999994,1623,465802.3,578057.4,520844.6,112255.10000000003,13845.0
104,1624,ULSD,13208.070000000002,1624,478635.6,583455.3,531253.6,104819.70000000007,11549.0
105,1625,ULSD,18852.63,1625,469015.9,594012.6,533544.2,124996.69999999995,15383.0
106,1626,ULSD,18168.890000000007,1626,479563.7,602611.5,535391.0,123047.79999999999,12546.0
107,1627,ULSD,16814.21,1627,454627.7,564858.3,520407.2,110230.60000000003,12613.0
108,1628,ULSD,20493.85000000001,1628,450671.9,588288.4,526508.2,137616.5,17638.0
109,1629,ULSD,13534.440000000002,1629,406017.3,513338.4,457584.1,107321.10000000003,9505.0
110,1630,ULSD,17963.410000000007,1630,436246.0,561726.2,504604.0,125480.19999999995,16547.0
111,1631,ULSD,14423.770000000008,1631,441225.0,541460.9,501959.2,100235.90000000002,11865.0
112,1632,ULSD,18049.050000000014,1632,424280.4,545368.7,485314.2,121088.29999999993,14493.0
113,1633,ULSD,17165.319999999992,1633,442258.8,558260.2,512166.5,116001.39999999997,15901.0
114,1634,ULSD,18812.87,1634,444722.5,570651.8,524349.9,125929.30000000005,17186.0
115,1635,ULSD,13053.240000000013,1635,456033.6,545606.9,500234.35,89573.30000000005,12792.0
116,1636,ULSD,18142.37,1636,492467.3,617898.6,554417.9,125431.29999999999,13562.0
117,1637,ULSD,14643.35,1637,428578.7,524449.6,492561.44999999995,95870.89999999997,15104.0
118,1638,ULSD,17267.620000000003,1638,462853.2,586438.6,524669.9,123585.39999999997,13877.0
119,1639,ULSD,20028.06000000001,1639,454447.2,585307.2,523617.8,130859.99999999994,19213.0
120,1640,ULSD,17055.110000000004,1640,415298.1,530483.1,468828.5,115185.0,15279.0
121,1641,ULSD,14031.199999999999,1641,424852.7,517843.7,474696.3,92991.0,13456.0
122,1642,ULSD,20187.519999999997,1642,460543.3,593749.7,530654.9,133206.39999999997,15213.0
123,1643,ULSD,11573.949999999999,1643,453959.5,530885.4,487459.85,76925.90000000002,12488.0
124,1644,ULSD,14560.909999999993,1644,379493.8,476765.4,436591.35,97271.60000000003,14616.0
125,1645,ULSD,21205.659999999996,1645,458293.4,603582.6,527039.1,145289.19999999995,19852.0
126,1646,ULSD,17895.630000000005,1646,486942.9,609116.4,545543.2,122173.5,16555.0
127,1647,ULSD,18479.030000000002,1647,426739.6,553565.2,492304.6,126825.59999999998,14005.0
128,1648,ULSD,21142.08000000001,1648,428145.5,577815.7,509001.2,149670.19999999995,14051.0
129,1649,ULSD,19975.550000000003,1649,432847.7,564242.7,501471.4,131394.99999999994,13358.0
130,1650,ULSD,13006.560000000001,1650,449808.6,536756.2,503486.9,86947.59999999998,12703.0
131,1651,ULSD,19338.819999999996,1651,460964.2,596615.9,526072.6,135651.7,18051.0
132,1652,ULSD,19285.509999999987,1652,428031.6,557053.4,504724.2,129021.80000000005,16101.0
133,1653,ULSD,19295.13,1653,391874.8,523114.4,456619.1,131239.60000000003,13865.0
134,1654,ULSD,17035.940000000002,1654,455711.4,572367.2,522324.8,116655.79999999993,13531.0
135,1655,ULSD,20142.3,1655,473550.9,616848.4,557853.7,143297.5,15139.0
136,1656,ULSD,19469.78999999999,1656,431725.8,554336.2,499426.65,122610.39999999997,19528.0
137,1657,ULSD,19053.420000000006,1657,433922.0,561136.7,493151.5,127214.69999999995,17355.0
138,1658,ULSD,19706.179999999993,1658,407278.3,539956.6,479009.55,132678.3,16944.0
139,1659,ULSD,20127.64000000001,1659,424315.2,566212.8,479128.9,141897.60000000003,17169.0
140,1660,ULSD,13399.129999999997,1660,399052.0,500507.9,447269.6,101455.90000000002,11663.0
141,1661,ULSD,8313.039999999997,1661,444620.8,506645.0,486618.3,62024.20000000001,5925.0
142,1662,ULSD,18989.36000000001,1662,434461.5,564283.6,504118.0,129822.09999999998,14816.0
143,1663,ULSD,12357.400000000003,1663,434964.9,519415.8,482325.65,84450.89999999997,10074.0
144,1664,ULSD,20475.770000000008,1664,373860.5,510766.6,437983.5,136906.09999999998,16510.0
145,1665,ULSD,19515.07000000001,1665,366902.2,503309.3,446304.85,136407.09999999998,16114.0
146,1666,ULSD,21888.61999999999,1666,342987.4,501809.2,427553.3,158821.8,23082.0
147,1667,ULSD,22546.1,1667,407353.3,557522.1,470303.0,150168.8,15988.0
148,1668,ULSD,17272.6,1668,459356.0,577446.3,526104.5,118090.30000000005,14690.0
149,1669,ULSD,22134.699999999997,1669,404516.6,556574.1,487735.8,152057.5,18981.0
150,1670,ULSD,17669.18,1670,429837.9,551787.0,487874.6,121949.09999999998,14325.0
151,1671,ULSD,16479.10000000001,1671,402367.2,510287.0,450137.85,107919.79999999999,13758.0
152,1672,ULSD,19704.050000000007,1672,354397.2,468818.5,414882.6,114421.29999999999,14875.0
153,1673,ULSD,16121.830000000002,1673,407109.4,512363.6,467301.7,105254.19999999995,15494.0
154,1674,ULSD,18775.089999999997,1674,441435.6,560217.7,510786.2,118782.09999999998,19332.0
155,1675,ULSD,17593.78000000001,1675,403226.0,520788.1,465120.35,117562.09999999998,13160.0
156,1676,ULSD,18109.35,1676,371794.4,493197.2,437065.0,121402.79999999999,14657.0
157,1677,ULSD,20195.72999999999,1677,396857.4,531804.1,464884.2,134946.69999999995,18346.0
158,1678,ULSD,17674.25,1678,417101.9,535508.2,482500.9,118406.29999999993,14322.0
159,1679,ULSD,17532.65000000001,1679,363912.2,480993.4,427009.8,117081.20000000001,15502.0
160,1680,ULSD,14913.290000000005,1680,395200.6,490900.4,451446.0,95699.80000000005,13821.0
161,1681,ULSD,17357.030000000006,1681,348055.3,473347.7,417321.1,125292.40000000002,16433.0
162,1682,ULSD,15756.030000000006,1682,358718.5,467972.7,428507.5,109254.20000000001,12241.0
163,1683,ULSD,18001.370000000003,1683,374047.2,504651.0,450416.44999999995,130603.79999999999,18974.0
164,1684,ULSD,22275.689999999984,1684,326495.8,483195.0,413668.0,156699.2,20975.0
165,1685,ULSD,15080.720000000008,1685,343029.9,458700.8,405781.1,115670.89999999997,15198.0
166,1686,ULSD,21369.919999999995,1686,346312.2,525752.9,444081.8,179440.7,15122.0
167,1687,ULSD,21787.959999999995,1687,317900.8,467205.4,399201.75,149304.60000000003,17422.0
168,1688,ULSD,15730.840000000006,1688,360633.2,466494.5,407072.8,105861.29999999999,17837.0
169,1689,ULSD,19706.839999999997,1689,361022.8,498410.2,432190.2,137387.40000000002,13982.0
170,1690,ULSD,21217.47999999999,1690,371818.9,515839.4,448664.35,144020.5,14994.0
171,1691,ULSD,16500.31000000001,1691,385175.9,499992.1,450355.65,114816.19999999995,14474.0
172,1692,ULSD,19454.339999999997,1692,428017.7,559435.8,496181.4,131418.10000000003,16888.0
173,1693,ULSD,21674.11,1693,340043.7,489710.5,416799.94999999995,149666.8,17146.0
174,1694,ULSD,22917.550000000014,1694,383529.4,536024.2,461643.1,152494.79999999993,19297.0
175,1695,ULSD,19655.690000000002,1695,357572.0,489134.2,423934.2,131562.2,12373.0
176,1696,ULSD,21934.32999999999,1696,369995.9,514256.1,446685.5,144260.19999999995,16895.0
177,1697,ULSD,22744.870000000024,1697,336965.7,491092.1,411691.95,154126.39999999997,17198.0
178,1698,ULSD,18749.939999999995,1698,329709.7,462788.8,387847.3,133079.09999999998,14703.0
179,1699,ULSD,23760.000000000025,1699,338831.8,503529.8,425478.8,164698.0,16216.0
180,1700,ULSD,19955.22000000001,1700,348031.1,478594.3,412410.75,130563.20000000001,17212.0
181,1701,ULSD,21808.94,1701,359019.8,504053.9,423565.6,145034.10000000003,15655.0
182,1702,ULSD,18611.689999999988,1702,345901.2,465158.6,414186.4,119257.39999999997,18341.0
183,1703,ULSD,25057.020000000004,1703,352794.9,521998.6,435987.8,169203.69999999995,14551.0
184,1704,ULSD,21306.10999999998,1704,288417.6,428089.7,363266.4,139672.10000000003,19917.0
185,1705,ULSD,18699.66999999999,1705,348324.5,479365.5,420708.35,131041.0,15200.0
186,1706,ULSD,20571.559999999987,1706,323390.3,461969.1,400387.4,138578.8,16855.0
187,1707,ULSD,17827.16000000001,1707,365068.3,488358.7,430834.2,123290.40000000002,16434.0
188,1708,ULSD,19947.79,1708,347668.5,481523.1,413197.2,133854.59999999998,14998.0
189,1709,ULSD,21815.350000000028,1709,387240.9,537774.2,472487.5,150533.29999999993,13531.0
190,1710,ULSD,20155.52999999999,1710,360069.8,498030.0,428703.9,137960.2,16789.0
191,1711,ULSD,19283.320000000007,1711,342948.0,470149.9,420300.5,127201.90000000002,15295.0
192,1712,ULSD,18162.319999999996,1712,360378.8,494200.6,428578.9,133821.8,15764.0
193,1713,ULSD,21216.54000000001,1713,377577.4,522212.3,452903.2,144634.89999999997,17727.0
194,1714,ULSD,23273.209999999977,1714,378764.1,539615.3,467637.0,160851.20000000007,15185.0
195,1715,ULSD,25386.519999999997,1715,341855.3,510611.3,433274.3,168756.0,22278.0
196,1716,ULSD,24093.110000000008,1716,341249.2,507795.2,431346.15,166546.0,15422.0
197,1717,ULSD,22840.440000000002,1717,375930.3,532608.2,461743.2,156677.89999999997,17140.0
198,1718,ULSD,21986.27999999999,1718,358562.2,507734.2,436948.44999999995,149172.0,13922.0
199,1719,ULSD,17964.530000000002,1719,301419.6,421628.6,359188.6,120209.0,13868.0
200,1720,ULSD,22350.699999999993,1720,339707.3,487844.5,413861.1,148137.2,11187.0
201,1721,ULSD,16364.380000000025,1721,369049.8,494397.8,446601.3,125348.0,21135.0
202,1722,ULSD,22371.249999999985,1722,325256.9,476428.2,400163.2,151171.3,13610.0
203,1723,ULSD,20056.529999999984,1723,303334.2,444367.4,384290.6,141033.2,16920.0
204,1724,ULSD,19413.590000000004,1724,306817.7,437275.8,371310.8,130458.09999999998,14881.0
205,1725,ULSD,25206.759999999984,1725,368006.3,537012.1,450922.1,169005.8,17081.0
206,1726,ULSD,22127.48,1726,338570.2,486345.7,422352.9,147775.5,18999.0
207,1727,ULSD,16014.790000000003,1727,305912.2,415629.1,366050.45,109716.89999999997,13708.0
208,1728,ULSD,23879.969999999994,1728,319669.4,474918.8,395489.6,155249.39999999997,15840.0
209,1729,ULSD,22320.82,1729,352824.8,507013.7,431132.1,154188.90000000002,20216.0
210,1730,ULSD,24635.709999999995,1730,375429.0,545817.1,460187.95,170388.09999999998,18386.0
211,1731,ULSD,21609.589999999982,1731,309695.2,456544.2,380940.8,146849.0,14963.0
212,1732,ULSD,24276.53,1732,370881.3,527532.8,454440.1,156651.50000000006,21054.0
213,1733,ULSD,21980.13000000001,1733,374004.0,525262.9,451126.9,151258.90000000002,17683.0
214,1734,ULSD,24769.179999999993,1734,371945.7,534897.7,450964.2,162951.99999999994,19899.0
215,1735,ULSD,19974.369999999995,1735,331956.5,468713.6,398909.1,136757.09999999998,16556.0
216,1736,ULSD,22106.779999999995,1736,324954.9,472730.6,395165.69999999995,147775.69999999995,18798.0
217,1737,ULSD,19950.399999999994,1737,354644.5,459885.9,404424.7,105241.40000000002,13264.0
218,1738,ULSD,21596.54,1738,314518.7,465024.7,387432.3,150506.0,12763.0
219,1739,ULSD,20653.93000000001,1739,347455.6,489311.8,424284.4,141856.2,18043.0
220,1740,ULSD,16186.050000000016,1740,329486.0,442235.6,388670.2,112749.59999999998,12989.0
221,1741,ULSD,20550.300000000014,1741,270931.7,406968.8,341146.6,136037.09999999998,18812.0
222,1742,ULSD,14760.150000000003,1742,222477.2,322693.0,268135.7,100215.79999999999,18743.0
223,1743,ULSD,20638.37,1743,333325.7,471992.9,410880.7,138667.2,14090.0
224,1744,ULSD,19645.799999999996,1744,323872.3,461035.6,397515.8,137163.3,15522.0
225,1745,ULSD,18021.580000000005,1745,322685.0,445773.4,385830.2,123088.40000000002,12733.0
226,1746,ULSD,16477.49000000001,1746,293777.0,400407.2,344676.4,106630.20000000001,14099.0
227,1747,ULSD,22677.65000000001,1747,308600.3,448437.9,374513.0,139837.60000000003,12400.0
228,1748,ULSD,21065.680000000008,1748,396913.3,539818.4,469999.2,142905.10000000003,15797.0
229,1749,ULSD,19045.339999999993,1749,293954.2,419346.5,362277.2,125392.29999999999,16615.0
230,1750,ULSD,21794.010000000002,1750,296631.1,452311.4,379597.0,155680.30000000005,17630.0
231,1751,ULSD,20443.910000000003,1751,305402.1,444111.5,379222.4,138709.40000000002,15484.0
232,1752,ULSD,23235.260000000002,1752,322383.9,476127.3,403543.5,153743.39999999997,17118.0
233,1753,ULSD,20860.960000000003,1753,288433.5,429658.1,352232.2,141224.59999999998,14956.0
234,1754,ULSD,19994.98999999999,1754,299588.1,437378.2,374780.85,137790.10000000003,15279.0
235,1755,ULSD,23224.73000000001,1755,318618.2,471737.9,403311.55,153119.7,13312.0
236,1756,ULSD,15592.420000000004,1756,304503.0,408997.0,357768.95,104494.0,11682.0
237,1757,ULSD,23112.290000000008,1757,365297.2,521313.4,445013.5,156016.2,14833.0
238,1758,ULSD,19766.960000000006,1758,303622.5,435850.6,370852.2,132228.09999999998,18021.0
239,1759,ULSD,19302.909999999993,1759,319441.5,456778.7,400029.8,137337.2,14843.0
240,1760,ULSD,21438.46999999999,1760,287431.6,432845.0,365114.1,145413.40000000002,14429.0
241,1761,ULSD,20270.13,1761,313254.9,451734.0,389046.3,138479.09999999998,16198.0
242,1762,ULSD,18910.960000000006,1762,325364.7,414901.0,375737.85,89536.29999999999,9960.0
243,1763,ULSD,21930.12000000001,1763,297017.2,444901.9,369650.5,147884.7,11775.0
244,1764,ULSD,22914.350000000002,1764,317355.0,469829.1,394367.1,152474.09999999998,16065.0
245,1765,ULSD,17105.060000000012,1765,285756.7,397636.1,343682.2,111879.39999999997,18686.0
246,1766,ULSD,25169.14,1766,304325.2,475846.5,382656.1,171521.3,18558.0
247,1767,ULSD,22476.40000000001,1767,314820.0,466904.3,398678.25,152084.3,15932.0
248,1768,ULSD,24159.460000000003,1768,300417.4,466588.4,397402.3,166171.0,18874.0
249,1769,ULSD,19653.43000000001,1769,268511.4,404269.0,343835.4,135757.59999999998,18327.0
250,1770,ULSD,18189.02,1770,305563.7,424600.0,374581.3,119036.29999999999,15487.0
251,1771,ULSD,16766.709999999992,1771,309815.3,417030.5,374426.8,107215.20000000001,18097.0
252,1772,ULSD,25530.05999999997,1772,281135.8,449017.7,357295.0,167881.90000000002,20997.0
253,1773,ULSD,20134.70000000001,1773,272669.1,412170.3,344713.9,139501.2,17190.0
254,1774,ULSD,20777.91000000001,1774,288736.9,428207.5,364628.6,139470.59999999998,13769.0
255,1775,ULSD,18236.69000000001,1775,272608.7,399325.9,339643.9,126717.20000000001,11609.0
256,1776,ULSD,21186.71000000001,1776,271055.5,416658.2,352942.6,145602.7,14777.0
257,1777,ULSD,22180.959999999992,1777,260900.8,409096.0,336447.0,148195.2,15895.0
258,1778,ULSD,23820.030000000017,1778,273697.8,433766.4,372387.4,160068.60000000003,17072.0
259,1779,ULSD,22649.11,1779,275055.0,424081.5,356586.5,149026.5,18669.0
260,1780,ULSD,21055.969999999994,1780,279595.0,433338.5,361310.9,153743.5,16968.0
261,1781,ULSD,22905.21,1781,250681.6,409246.6,332284.1,158564.99999999997,16659.0
262,1782,ULSD,20577.95,1782,232487.6,375372.0,308484.0,142884.4,12926.0
263,1783,ULSD,20592.180000000008,1783,231348.8,378233.9,317900.5,146885.10000000003,14942.0
264,1784,ULSD,24159.07999999999,1784,236582.2,400013.5,318281.1,163431.3,14373.0
265,1785,ULSD,21589.900000000005,1785,231897.5,386066.2,318251.8,154168.7,15500.0
266,1786,ULSD,17628.67,1786,262686.6,384251.2,344086.2,121564.60000000003,19577.0
267,1787,ULSD,23504.719999999998,1787,224306.6,384338.5,306599.7,160031.9,18093.0
268,1788,ULSD,19019.12,1788,233077.8,360412.7,296557.7,127334.90000000002,15125.0
269,1789,ULSD,19155.74999999999,1789,202347.7,338901.1,279728.75,136553.39999999997,14501.0
270,1790,ULSD,17945.56,1790,184743.2,316894.6,250144.2,132151.39999999997,12142.0
271,1791,ULSD,19079.06000000002,1791,201416.4,339948.7,270611.4,138532.30000000002,14644.0
272,1792,ULSD,25423.670000000013,1792,241955.1,429997.6,341896.9,188042.49999999997,22072.0
273,1793,ULSD,19851.519999999993,1793,206754.0,345972.7,283575.3,139218.7,17799.0
274,1794,ULSD,18940.07999999999,1794,189573.2,323163.1,262042.25,133589.89999999997,14036.0
275,1795,FUEL,101.48,1795,211987.7,360481.1,282355.80000000005,148493.39999999997,16698.0
276,1795,ULSD,20949.069999999996,1795,211987.7,360481.1,282355.80000000005,148493.39999999997,16698.0
277,1796,FUEL,167.38,1796,201247.5,332592.2,271466.0,131344.7,17164.0
278,1796,ULSD,18558.440000000006,1796,201247.5,332592.2,271466.0,131344.7,17164.0
279,1797,ULSD,19021.110000000004,1797,195816.4,321201.4,268242.6,125385.00000000003,18766.0
280,1798,ULSD,20091.610000000004,1798,171444.0,311988.2,243930.1,140544.2,13612.0
281,1799,ULSD,19846.96,1799,180427.9,307717.2,245543.4,127289.30000000002,19152.0
282,1800,ULSD,20368.78,1800,182751.9,327433.4,256388.4,144681.50000000003,15332.0
283,1801,ULSD,17925.529999999995,1801,195002.2,323571.0,264841.2,128568.79999999999,12243.0
284,1802,ULSD,21526.890000000014,1802,183026.1,331097.3,258205.6,148071.19999999998,15525.0
285,1803,ULSD,18896.659999999996,1803,198446.6,328564.9,274564.7,130118.30000000002,17114.0
286,1804,ULSD,20244.630000000016,1804,201071.7,347398.2,275843.8,146326.5,15291.0
287,1805,ULSD,17460.100000000017,1805,150561.6,273837.8,215452.8,123276.19999999998,13973.0
288,1806,ULSD,18120.97,1806,176088.7,298907.5,243307.5,122818.79999999999,16492.0
289,1807,ULSD,20019.329999999998,1807,181407.8,318740.6,263898.7,137332.8,14834.0
290,1808,ULSD,23127.56999999999,1808,181974.5,343028.2,268321.2,161053.7,24104.0
291,1809,ULSD,18876.76000000002,1809,137284.1,273527.9,209414.4,136243.80000000002,19672.0
292,1810,ULSD,22964.619999999984,1810,130462.9,283610.8,203988.45,153147.9,15664.0
293,1811,ULSD,19097.679999999986,1811,169967.1,303724.4,242990.3,133757.30000000002,13391.0
294,1812,ULSD,19905.160000000007,1812,176949.0,316805.5,253343.7,139856.5,15782.0
295,1813,ULSD,19011.76000000001,1813,159303.8,292483.5,233246.7,133179.7,14428.0
296,1814,ULSD,25074.94,1814,182537.0,356295.4,273509.0,173758.40000000002,22059.0
297,1815,ULSD,20139.260000000002,1815,169135.4,308270.7,240857.4,139135.30000000002,13912.0
298,1816,ULSD,19911.379999999994,1816,169894.8,307491.9,243342.4,137597.10000000003,16149.0
299,1817,ULSD,19910.71,1817,117170.5,257977.5,183581.4,140807.0,13571.0
300,1818,ULSD,20756.89999999999,1818,168521.3,312152.0,241453.7,143630.7,14618.0
301,1819,ULSD,22475.709999999995,1819,186080.7,343851.4,270739.8,157770.7,13407.0
302,1820,ULSD,16036.680000000006,1820,171166.8,285987.7,230783.7,114820.90000000002,10954.0
303,1821,ULSD,21917.539999999994,1821,143883.6,299906.3,233502.6,156022.69999999998,18960.0
304,1822,ULSD,15595.16,1822,89791.4,216049.0,168268.0,126257.6,17175.0
305,1823,ULSD,15295.73,1823,134857.7,245315.8,195961.3,110458.09999999998,12960.0
306,1824,ULSD,22884.000000000007,1824,142407.1,303668.4,226215.1,161261.30000000002,19903.0
307,1825,ULSD,22251.74,1825,155663.4,319098.2,227325.2,163434.80000000002,14527.0
308,1826,ULSD,20175.640000000007,1826,141371.9,261081.9,199393.6,119710.0,10961.0
309,1827,ULSD,15970.540000000006,1827,141835.0,251281.7,197925.84999999998,109446.70000000001,11338.0
310,1828,ULSD,23504.41999999999,1828,124518.3,296567.9,208307.5,172049.60000000003,18251.0
311,1829,ULSD,22240.87999999999,1829,128830.2,286769.9,204914.3,157939.7,15129.0
312,1830,ULSD,24071.339999999993,1830,146598.4,318920.6,236938.1,172322.19999999998,17365.0
313,1831,ULSD,19703.63000000001,1831,117775.2,256127.2,189616.35,138352.0,14084.0
314,1832,ULSD,17940.290000000005,1832,121650.9,250005.7,188686.2,128354.80000000002,12626.0
315,1833,ULSD,20164.57000000001,1833,140428.1,285505.9,220650.6,145077.80000000002,11625.0
316,1834,ULSD,19755.91999999999,1834,133306.7,275790.7,209556.1,142484.0,15305.0
317,1835,ULSD,20551.32000000002,1835,135630.9,280885.3,209378.4,145254.4,16259.0
318,1836,ULSD,22733.170000000016,1836,124807.7,281788.6,201306.4,156980.89999999997,15780.0
319,1837,ULSD,19569.660000000003,1837,127060.4,269000.8,201861.8,141940.4,15202.0
320,1838,ULSD,20785.85999999999,1838,145574.0,296206.3,229818.1,150632.3,16826.0
321,1839,ULSD,16102.510000000002,1839,128881.6,241223.4,186989.8,112341.79999999999,15178.0
322,1840,ULSD,19756.69000000001,1840,136283.4,266840.4,209903.5,130557.00000000003,17872.0
323,1841,ULSD,16858.28,1841,87754.4,206824.2,146816.0,119069.80000000002,14940.0
324,1842,ULSD,20483.65000000001,1842,116224.8,261014.3,190104.6,144789.5,18050.0
325,1843,ULSD,24954.510000000006,1843,144636.8,317693.9,229876.4,173057.10000000003,22239.0
326,1844,ULSD,18897.66000000001,1844,114948.8,248302.7,182051.45,133353.90000000002,15298.0
327,1845,ULSD,22921.49000000002,1845,129602.2,291722.2,209667.6,162120.0,15738.0
328,1846,ULSD,19438.280000000006,1846,132660.6,269640.1,202688.3,136979.49999999997,17944.0
329,1847,ULSD,19736.40000000001,1847,134266.8,278209.3,206647.0,143942.5,22053.0
330,1848,ULSD,20569.660000000003,1848,132272.3,278093.6,203491.95,145821.3,20030.0
331,1849,ULSD,20869.330000000024,1849,118354.6,268940.2,197775.7,150585.6,17030.0
332,1850,ULSD,21924.590000000015,1850,120341.4,278055.4,202300.3,157714.00000000003,15224.0
333,1851,ULSD,22276.670000000002,1851,99270.1,262340.0,184269.8,163069.9,13252.0
334,1852,ULSD,25257.500000000004,1852,123456.6,302571.9,212843.4,179115.30000000002,13350.0
335,1853,ULSD,21950.259999999987,1853,102165.4,262714.2,182217.5,160548.80000000002,18534.0
336,1854,ULSD,19173.69,1854,101867.4,246503.5,178227.55,144636.1,13896.0
337,1855,ULSD,20453.819999999996,1855,103222.9,250739.9,180950.0,147517.0,12822.0
338,1856,ULSD,18908.89999999999,1856,98932.5,232350.0,167432.2,133417.5,16285.0
339,1857,ULSD,18981.240000000005,1857,100445.5,234694.7,171433.25,134249.2,16953.0
340,1858,ULSD,19329.300000000007,1858,89228.4,226167.1,156813.4,136938.7,19470.0
341,1859,ULSD,18273.47,1859,108646.8,248580.1,180897.55,139933.3,13550.0
342,1860,ULSD,24505.560000000012,1860,118526.2,289758.2,213126.0,171232.0,16396.0
343,1861,ULSD,22707.029999999995,1861,107872.5,271312.1,192452.4,163439.59999999998,16900.0
344,1862,ULSD,20470.409999999993,1862,107252.6,252803.6,190200.6,145551.0,15295.0
345,1863,ULSD,21283.760000000013,1863,106933.5,259092.9,184655.0,152159.4,13885.0
346,1864,ULSD,14446.070000000018,1864,103412.9,227969.2,157556.9,124556.30000000002,14717.0
347,1865,ULSD,18559.280000000013,1865,97826.1,230682.2,149042.9,132856.1,23300.0
348,1866,ULSD,17775.410000000003,1866,97456.6,229381.6,163077.2,131925.0,15660.0
349,1867,ULSD,21809.780000000017,1867,87828.1,239529.9,166796.2,151701.8,15308.0
350,1868,ULSD,21907.619999999995,1868,88419.9,243710.8,168781.4,155290.9,14588.0
351,1869,ULSD,13095.840000000006,1869,71080.3,165428.8,119481.8,94348.49999999999,10135.0
352,1870,ULSD,22637.980000000003,1870,79121.3,242474.6,155385.25,163353.3,13892.0
353,1871,ULSD,23294.43,1871,101136.5,269133.2,180794.2,167996.7,13977.0
354,1872,ULSD,22210.599999999995,1872,92328.3,257172.0,171587.7,164843.7,15189.0
355,1873,ULSD,26267.95999999999,1873,105160.0,277872.6,195527.5,172712.59999999998,14523.0
356,1874,ULSD,22748.220000000005,1874,83702.1,247014.7,163014.15,163312.6,15822.0
357,1875,ULSD,21856.63,1875,93098.3,244492.8,171874.9,151394.5,15304.0
358,1876,ULSD,20676.059999999983,1876,102281.0,248770.6,189280.1,146489.6,16754.0
359,1877,ULSD,20634.31000000001,1877,87776.2,229619.9,165797.9,141843.7,19173.0
360,1878,ULSD,20162.53000000001,1878,91838.2,231147.2,167733.6,139309.0,14183.0
361,1879,ULSD,19441.80000000001,1879,89942.2,228288.2,160313.7,138346.0,22840.0
362,1880,ULSD,19742.760000000002,1880,100407.6,202044.4,152236.25,101636.79999999999,17018.0
363,1881,ULSD,22176.64,1881,106248.6,263153.8,182710.95,156905.19999999998,16580.0
364,1882,ULSD,20252.530000000006,1882,94960.1,234782.0,163468.7,139821.9,15554.0
365,1883,ULSD,22396.749999999996,1883,88745.4,250264.5,164341.3,161519.1,16026.0
366,1884,ULSD,23779.180000000015,1884,85235.1,251778.8,173919.1,166543.69999999998,18166.0
367,1885,ULSD,21167.150000000012,1885,92322.4,245060.6,191436.0,152738.2,18109.0
368,1886,ULSD,20592.310000000012,1886,90428.7,238715.8,168902.6,148287.09999999998,15712.0
369,1887,ULSD,20309.639999999985,1887,65660.0,229872.4,161155.4,164212.4,13867.0
370,1888,ULSD,20251.65,1888,88433.5,238598.1,165671.7,150164.6,16358.0
371,1889,ULSD,22429.259999999995,1889,73606.9,224189.3,163134.6,150582.4,17161.0
372,1890,ULSD,22207.640000000007,1890,57733.2,209594.8,139921.5,151861.59999999998,24533.0
373,1891,ULSD,23149.090000000004,1891,87551.9,250124.8,174833.1,162572.9,14553.0
374,1892,ULSD,21185.559999999998,1892,73541.4,243252.0,170220.5,169710.6,15219.0
375,1893,ULSD,18880.449999999997,1893,50052.5,211971.0,143273.9,161918.5,17027.0
376,1894,ULSD,20029.470000000012,1894,62349.7,229117.2,155390.4,166767.5,18217.0
377,1895,ULSD,20946.17000000001,1895,79302.1,226816.2,167005.7,147514.1,15303.0
378,1896,ULSD,20850.240000000013,1896,77323.4,245166.3,176833.2,167842.9,18493.0
379,1897,ULSD,21904.40000000001,1897,75251.8,246896.4,172730.0,171644.59999999998,15607.0
380,1898,ULSD,23391.39,1898,63372.7,235559.0,153930.35,172186.3,16090.0
381,1899,ULSD,22027.359999999997,1899,57819.3,241628.6,155641.7,183809.3,16899.0
382,1900,ULSD,21201.5,1900,69548.1,237026.4,163260.7,167478.3,14393.0
383,1901,ULSD,19357.350000000006,1901,74235.5,216517.6,154873.2,142282.1,15415.0
384,1902,ULSD,20099.60999999999,1902,71068.4,215066.5,136005.5,143998.1,14573.0
385,1903,ULSD,20125.859999999997,1903,67791.2,232730.9,158172.55,164939.7,14236.0
386,1904,ULSD,23064.319999999974,1904,75973.0,243877.6,174793.2,167904.6,14505.0
387,1905,ULSD,24043.870000000014,1905,91591.4,265437.5,176690.1,173846.1,14650.0
388,1906,ULSD,23040.639999999992,1906,65549.3,246210.4,163950.2,180661.09999999998,15294.0
389,1907,ULSD,18452.54,1907,65978.4,193193.9,132549.45,127215.5,13798.0
390,1908,ULSD,17490.69000000001,1908,77517.3,200529.8,143398.0,123012.49999999999,13394.0
391,1909,ULSD,20630.809999999998,1909,78015.9,224954.8,148229.4,146938.9,15153.0
392,1910,ULSD,19645.600000000006,1910,78858.5,223183.8,152196.1,144325.3,15110.0
393,1911,ULSD,20472.26999999999,1911,83110.3,231102.1,158865.5,147991.8,17124.0
394,1912,ULSD,22848.119999999995,1912,100861.5,269919.0,185964.5,169057.5,18064.0
395,1913,ULSD,25653.039999999975,1913,88463.6,273409.8,175022.5,184946.19999999998,17998.0
396,1914,ULSD,21939.83,1914,82312.2,252765.0,176493.5,170452.8,15935.0
397,1915,ULSD,20373.770000000008,1915,57858.2,235529.3,150442.8,177671.09999999998,17720.0
398,1916,ULSD,17701.870000000014,1916,83539.7,216037.1,153533.7,132497.40000000002,15978.0
399,1917,ULSD,17447.33000000002,1917,58710.3,199398.8,143858.5,140688.5,13775.0
400,1918,ULSD,24900.790000000005,1918,80809.7,249408.8,178076.0,168599.09999999998,33901.0
401,1919,ULSD,26611.33000000001,1919,89987.2,281024.2,189897.2,191037.0,14154.0
402,1920,ULSD,19645.470000000012,1920,67749.3,228207.7,157875.8,160458.40000000002,16630.0
403,1921,ULSD,22501.08999999999,1921,64890.7,238561.3,159840.0,173670.59999999998,15571.0
404,1922,ULSD,19692.72000000003,1922,58489.4,223887.1,152653.3,165397.7,17475.0
405,1923,ULSD,18550.840000000007,1923,65166.5,204407.2,135443.7,139240.7,15933.0
406,1924,ULSD,25811.430000000004,1924,103885.0,287340.5,204696.4,183455.5,18851.0
407,1925,ULSD,21424.330000000013,1925,79422.9,246948.5,173473.9,167525.6,17298.0
408,1926,ULSD,27916.279999999995,1926,106533.1,306093.7,207957.8,199560.6,14175.0
409,1927,ULSD,20131.91,1927,56644.8,218074.8,144865.2,161430.0,15272.0
410,1928,ULSD,19265.879999999997,1928,50243.1,199031.2,131704.0,148788.1,16514.0
411,1929,ULSD,17760.93,1929,35998.7,194859.8,133626.7,158861.09999999998,16640.0
412,1930,ULSD,23418.940000000002,1930,80596.9,253939.4,179332.5,173342.5,19151.0
413,1931,ULSD,20017.79000000001,1931,75452.8,228715.6,170413.8,153262.8,18125.0
414,1932,ULSD,23513.920000000013,1932,55194.0,240104.4,154321.0,184910.4,15831.0
415,1933,ULSD,19736.559999999998,1933,89884.3,232219.5,161929.6,142335.2,15630.0
416,1934,ULSD,26680.239999999976,1934,91862.0,282397.8,183225.1,190535.8,20280.0
417,1935,ULSD,19068.18999999999,1935,73125.1,222922.1,152838.3,149797.0,14634.0
418,1936,ULSD,19926.09999999999,1936,66904.3,216337.3,145251.6,149433.0,15340.0
419,1937,FUEL,121.7,1937,76226.8,204754.8,150454.2,128527.99999999999,14653.0
420,1937,ULSD,17656.560000000012,1937,76226.8,204754.8,150454.2,128527.99999999999,14653.0
421,1938,ULSD,19837.970000000005,1938,52595.8,205319.6,118145.1,152723.8,20542.0
422,1939,ULSD,21365.019999999986,1939,77271.3,228316.0,149721.90000000002,151044.7,18709.0
423,1940,ULSD,18329.270000000015,1940,63184.5,193154.0,135112.5,129969.5,16560.0
424,1941,ULSD,24022.320000000014,1941,77012.5,245528.3,165948.7,168515.8,22141.0
425,1942,ULSD,19832.110000000008,1942,53153.4,208154.6,137580.6,155001.2,19267.0
426,1943,ULSD,25469.99,1943,85048.6,258473.7,169793.8,173425.1,13286.0
427,1944,ULSD,14797.260000000006,1944,63352.5,165257.8,111643.4,101905.29999999999,12640.0
428,1945,ULSD,22164.530000000006,1945,66837.8,219774.9,145073.5,152937.09999999998,16561.0
429,1946,ULSD,21682.78,1946,66696.7,219027.0,141697.5,152330.3,15745.0
430,1947,ULSD,19025.140000000007,1947,66723.7,200737.6,132240.35,134013.90000000002,13540.0
431,1948,ULSD,20625.29,1948,63829.8,208309.5,137716.2,144479.7,14409.0
432,1949,ULSD,17680.599999999995,1949,62571.5,188193.1,127995.4,125621.6,15022.0
433,1950,ULSD,21798.23,1950,69148.0,226432.8,148504.8,157284.8,18423.0
434,1951,ULSD,21610.87000000001,1951,52733.6,202420.8,133372.9,149687.19999999998,18029.0
435,1952,ULSD,23737.47999999998,1952,54545.3,220263.1,134262.0,165717.8,15126.0
436,1953,ULSD,23757.410000000018,1953,67171.7,237408.7,157370.1,170237.0,18877.0
437,1954,ULSD,19795.820000000007,1954,67376.6,210463.9,153161.1,143087.3,18667.0
438,1955,ULSD,20036.339999999993,1955,59324.9,203713.5,131897.0,144388.6,17748.0
439,1956,ULSD,22892.029999999995,1956,66424.2,233701.1,151558.7,167276.90000000002,17346.0
440,1957,ULSD,21177.68999999999,1957,65182.3,208201.9,150329.1,143019.59999999998,23643.0
441,1958,ULSD,24910.429999999986,1958,76466.8,264055.8,174839.6,187589.0,17773.0
442,1959,CDSL,121.03,1959,63842.8,235460.8,148406.2,171618.0,16052.0
443,1959,ULSD,22784.649999999998,1959,63842.8,235460.8,148406.2,171618.0,16052.0
444,1960,ULSD,19497.560000000005,1960,55470.9,193837.2,128227.75,138366.30000000002,15866.0
445,1961,ULSD,24732.829999999994,1961,72778.3,249076.2,160563.35,176297.90000000002,17282.0
446,1962,ULSD,17590.72000000001,1962,66434.1,193623.5,137859.5,127189.4,17298.0
447,1963,ULSD,14879.210000000003,1963,56051.6,162685.5,112583.7,106633.9,11124.0
448,1964,ULSD,18629.060000000012,1964,60414.8,196666.5,136439.4,136251.7,14094.0
449,1965,ULSD,21273.73000000002,1965,64993.6,225952.5,145209.25,160958.9,17982.0
450,1966,ULSD,12581.65,1966,32506.7,120528.1,78001.0,88021.40000000001,11338.0
451,1967,ULSD,21002.789999999994,1967,66678.9,214055.7,167591.65,147376.80000000002,19755.0
452,1968,ULSD,20816.840000000004,1968,54303.7,204048.4,125255.1,149744.7,18069.0
453,1969,ULSD,20060.74,1969,43595.1,184094.3,119712.4,140499.19999999998,17949.0
454,1970,ULSD,22946.490000000005,1970,57042.0,213378.6,137497.35,156336.6,15302.0
455,1971,ULSD,19317.299999999996,1971,45376.1,175234.0,111193.9,129857.9,17447.0
456,1972,ULSD,24271.879999999994,1972,55902.9,229967.5,146486.25,174064.6,20776.0
457,1973,ULSD,21930.16999999999,1973,48407.4,205556.5,128426.75,157149.1,17010.0
458,1974,ULSD,24215.52,1974,58749.1,232525.9,141344.5,173776.8,15291.0
459,1975,ULSD,20676.780000000002,1975,51058.3,202200.2,121960.4,151141.90000000002,13564.0
460,1976,ULSD,22139.49999999999,1976,57618.6,220508.6,140244.7,162890.0,13977.0
461,1977,ULSD,20212.04999999999,1977,55339.1,198577.3,134343.45,143238.19999999998,17000.0
462,1978,ULSD,20671.969999999994,1978,47721.0,192304.5,122130.8,144583.5,16656.0
463,1979,ULSD,20547.479999999992,1979,50020.6,198085.3,123263.0,148064.69999999998,14059.0
464,1980,ULSD,16990.270000000015,1980,40657.9,159888.5,99203.7,119230.6,12958.0
465,1981,ULSD,13194.360000000002,1981,29946.7,117518.2,80256.75,87571.5,12158.0
466,1982,ULSD,20787.449999999993,1982,39995.4,188340.7,114931.0,148345.30000000002,13702.0
467,1983,ULSD,21096.45999999998,1983,42478.2,194687.2,120399.2,152209.0,13580.0
468,1984,ULSD,19697.21999999999,1984,40211.8,177415.0,109441.8,137203.2,15730.0
469,1985,ULSD,22041.85,1985,46272.2,207413.9,126748.15,161141.7,15724.0
470,1986,ULSD,19465.229999999992,1986,43960.2,184074.5,117233.5,140114.3,14008.0
471,1987,ULSD,18509.610000000004,1987,36549.8,163376.7,100259.1,126826.90000000001,17197.0
472,1988,ULSD,19718.410000000007,1988,38980.9,183770.7,111484.9,144789.80000000002,14580.0
473,1989,ULSD,22190.370000000003,1989,47258.2,210455.8,133166.59999999998,163197.59999999998,14308.0
474,1990,ULSD,18978.850000000002,1990,41083.2,184591.0,114893.6,143507.8,15795.0
475,1991,ULSD,23899.530000000002,1991,34153.8,200328.4,121242.3,166174.59999999998,19264.0
476,1992,ULSD,20163.519999999997,1992,39895.5,184333.0,115746.2,144437.5,15879.0
477,1993,ULSD,25811.049999999996,1993,47379.3,228003.2,136669.7,180623.90000000002,16143.0
478,1994,ULSD,21874.37,1994,37183.5,192895.0,114811.75,155711.5,21910.0
479,1995,ULSD,24390.000000000007,1995,40230.2,212337.7,119884.7,172107.5,22801.0
480,1996,ULSD,21236.33999999999,1996,25564.3,179724.3,97246.1,154160.0,14334.0
481,1997,ULSD,19444.340000000004,1997,38826.0,180001.8,110470.4,141175.8,12292.0
482,1998,ULSD,13499.529999999999,1998,27665.2,125490.8,78902.7,97825.6,12371.0
483,1999,ULSD,20172.129999999997,1999,38869.1,182811.0,112735.5,143941.9,15849.0
484,2000,ULSD,20536.01000000001,2000,36968.4,187811.2,113547.3,150842.80000000002,15045.0
485,2001,ULSD,18261.489999999998,2001,27729.6,162823.8,98161.45000000001,135094.19999999998,17308.0
486,2002,ULSD,19637.71,2002,31731.1,168727.5,87831.2,136996.4,18241.0
487,2003,ULSD,25733.96999999999,2003,36831.9,221559.2,128759.1,184727.30000000002,25750.0
488,2004,ULSD,21297.43,2004,35653.4,186258.1,117111.1,150604.7,16239.0
489,2005,ULSD,21678.380000000012,2005,33281.3,188639.5,111269.6,155358.2,13987.0
490,2006,ULSD,19994.93000000001,2006,1566.2,154201.2,79429.4,152635.0,14467.0
491,2007,ULSD,20987.909999999985,2007,1747.2,151693.9,75226.9,149946.69999999998,16717.0
492,2008,ULSD,21210.31,2008,266.1,144571.5,70033.9,144305.4,13823.0
493,2009,ULSD,20887.189999999988,2009,1320.3,147112.1,69826.8,145791.80000000002,14578.0
494,2010,ULSD,21273.490000000013,2010,17.1,146395.7,98576.1,146378.6,17533.0
495,2011,ULSD,17899.070000000014,2011,446.0,129968.1,70984.0,129522.1,14213.0
496,2012,ULSD,20109.48,2012,452.9,143015.4,72095.9,142562.5,14859.0
497,2013,ULSD,20284.35000000001,2013,0.0,144907.4,77719.7,144907.4,14928.0
498,2014,ULSD,22100.809999999987,2014,593.2,163316.2,82712.70000000001,162723.0,20394.0
499,2015,ULSD,17232.500000000015,2015,887.1,120203.7,63905.05,119316.59999999999,13696.0
500,2016,ULSD,22425.91000000001,2016,15.1,157578.0,81193.05,157562.9,15108.0
501,2017,ULSD,23471.37999999999,2017,14.3,168601.2,77139.0,168586.90000000002,18888.0
502,2018,ULSD,23162.529999999973,2018,522.1,164002.3,95004.4,163480.19999999998,17057.0
503,2019,ULSD,19761.87999999998,2019,446.3,142976.5,76380.0,142530.2,15194.0
504,2020,ULSD,23095.699999999997,2020,0.0,164637.9,89450.4,164637.9,17915.0
505,2021,ULSD,17809.219999999998,2021,0.0,135213.6,75146.0,135213.6,12477.0
506,2022,ULSD,16789.889999999985,2022,610.1,123034.1,64719.0,122424.0,12521.0
507,2023,ULSD,17537.66000000003,2023,457.0,129203.5,71567.8,128746.5,20824.0
508,2024,ULSD,19747.389999999996,2024,655.0,142069.4,79216.9,141414.4,15119.0
509,2025,ULSD,18459.709999999995,2025,0.0,133321.7,65122.8,133321.7,10253.0
510,2026,ULSD,21408.470000000012,2026,6711.4,156448.7,81754.0,149737.30000000002,15413.0
511,2027,ULSD,20242.020000000008,2027,1854.0,141255.2,66324.4,139401.2,16139.0
512,2028,ULSD,19346.96,2028,449.0,138848.3,77878.1,138399.3,16807.0
513,2029,ULSD,19066.440000000006,2029,20.9,138963.9,77576.9,138943.0,17494.0
514,2030,ULSD,18902.25,2030,0.0,134598.0,70318.1,134598.0,14531.0
515,2031,ULSD,20616.359999999997,2031,3923.7,151464.6,78460.2,147540.9,14878.0
516,2032,ULSD,15640.799999999997,2032,15.4,114106.3,60258.2,114090.90000000001,12350.0
517,2033,ULSD,16415.619999999995,2033,448.1,115270.5,56142.9,114822.4,10777.0
518,2034,ULSD,7147.470000000001,2034,27.2,118509.5,44385.4,118482.3,15175.0
519,2035,ULSD,18515.280000000002,2035,18.2,135563.1,66927.1,135544.9,14364.0
520,2036,ULSD,15476.520000000002,2036,15.6,112557.5,56750.5,112541.9,11804.0
521,2037,ULSD,19003.67,2037,447.2,138305.9,69016.0,137858.69999999998,17343.0
522,2038,ULSD,16265.800000000007,2038,457.7,116614.7,56252.9,116157.0,13395.0
523,2039,ULSD,15591.340000000006,2039,503.7,119208.8,59663.3,118705.1,14444.0
524,2040,ULSD,17576.76,2040,481.7,128278.8,67431.9,127797.1,11389.0
525,2041,ULSD,16501.190000000002,2041,447.1,117989.4,64145.4,117542.29999999999,14907.0
526,2042,ULSD,15283.540000000003,2042,485.9,108744.5,54973.6,108258.6,12196.0
527,2043,ULSD,12126.060000000003,2043,504.3,86213.8,42132.5,85709.5,10693.0
528,2044,ULSD,15790.560000000012,2044,443.0,108248.2,55963.9,107805.2,10878.0
529,2045,ULSD,17655.630000000005,2045,13.0,124406.9,61745.8,124393.9,11903.0
530,2046,ULSD,14916.490000000003,2046,17.8,103927.6,55242.9,103909.8,13249.0
531,2047,ULSD,14952.180000000006,2047,3560.7,115038.6,55825.3,111477.90000000001,10475.0
532,2048,ULSD,16570.1,2048,3810.7,116462.2,59670.1,112651.5,10939.0
533,2049,ULSD,16889.230000000003,2049,3321.3,119120.5,63891.350000000006,115799.2,13858.0
534,2050,ULSD,16079.99,2050,4449.3,115148.5,53005.1,110699.2,11864.0
535,2051,ULSD,16690.580000000005,2051,4046.6,119495.0,61900.7,115448.4,11194.0
536,2052,ULSD,14795.210000000001,2052,2186.8,108554.7,60520.7,106367.9,9946.0
537,2053,ULSD,15728.699999999999,2053,1768.7,112449.6,62222.8,110680.90000000001,11412.0
538,2054,ULSD,15477.87000000001,2054,3204.3,110968.1,51781.4,107763.8,11170.0
539,2055,ULSD,14129.29000000001,2055,452.7,105159.8,54352.2,104707.1,13381.0
540,2056,ULSD,21249.919999999984,2056,1134.1,174172.7,89636.8,173038.6,10680.0
541,2057,ULSD,15456.569999999992,2057,1752.5,110936.0,55395.6,109183.5,10563.0
542,2058,ULSD,15316.240000000002,2058,993.7,115141.2,58267.8,114147.5,9825.0
543,2059,ULSD,17518.360000000004,2059,838.7,124561.4,57836.8,123722.7,14097.0
544,2060,ULSD,16175.470000000005,2060,3171.0,110813.0,57245.600000000006,107642.0,8490.0
545,2061,ULSD,13493.209999999997,2061,2814.8,98088.3,50708.7,95273.5,9969.0
546,2062,ULSD,13153.799999999996,2062,0.0,98338.9,48226.3,98338.9,9867.0
547,2063,ULSD,13183.719999999996,2063,453.8,99560.5,44189.9,99106.7,10298.0
548,2064,ULSD,13210.74,2064,0.0,90663.8,46025.45,90663.8,10165.0
549,2065,ULSD,12482.380000000003,2065,0.0,91931.2,47770.2,91931.2,7540.0
550,2066,ULSD,11781.04,2066,17.7,139835.9,44038.8,139818.19999999998,8567.0
551,2067,ULSD,13437.67,2067,518.8,101385.3,53433.2,100866.5,9828.0
552,2068,ULSD,11969.6,2068,2352.7,93595.9,48908.9,91243.2,8617.0
553,2069,ULSD,12003.81,2069,4301.5,84611.4,46953.75,80309.9,10978.0
554,2070,ULSD,9818.1,2070,3283.9,75606.5,46693.0,72322.6,6825.0
555,2071,ULSD,12591.869999999999,2071,3808.5,101969.4,49557.5,98160.9,8227.0
556,2072,ULSD,9140.889999999998,2072,12064.3,73590.1,41597.0,61525.8,4733.0
557,2073,ULSD,8298.249999999998,2073,1687.3,59831.2,39610.5,58143.899999999994,4729.0
558,2074,ULSD,11135.389999999996,2074,372.7,77677.6,46073.3,77304.90000000001,8071.0
559,2075,ULSD,8823.249999999996,2075,17901.0,69062.6,42649.05,51161.600000000006,4502.0
560,2076,ULSD,10041.440000000002,2076,125.6,72235.2,45564.2,72109.59999999999,4684.0
561,2077,ULSD,6645.2800000000025,2077,449.1,53393.5,27102.2,52944.4,5941.0
562,2078,ULSD,7623.03,2078,16.0,53857.5,29218.2,53841.5,7941.0
563,2079,ULSD,7501.299999999998,2079,16.7,54774.0,26333.9,54757.3,6003.0
564,2080,ULSD,4853.530000000001,2080,15.5,39755.1,19412.35,39739.6,5134.0
565,2081,ULSD,8012.540000000005,2081,105.7,57216.5,29772.550000000003,57110.8,6278.0
566,2082,ULSD,7476.170000000004,2082,470.6,53887.0,25216.6,53416.4,4427.0
567,2083,ULSD,5538.83,2083,447.4,43415.4,22709.4,42968.0,4536.0
568,2084,ULSD,7639.889999999999,2084,15.0,57013.3,28615.800000000003,56998.3,4620.0
569,2085,ULSD,7156.32,2085,0.0,53501.5,27381.3,53501.5,4524.0
570,2086,ULSD,7216.069999999999,2086,44.0,53825.0,27907.2,53781.0,4601.0
571,2087,ULSD,4743.550000000001,2087,15.6,33502.9,18128.05,33487.3,2898.0
572,2088,ULSD,5525.1399999999985,2088,756.9,42025.0,26085.5,41268.1,4128.0
573,2089,ULSD,6858.8200000000015,2089,16.0,48448.3,27931.35,48432.3,3740.0
574,2090,ULSD,5582.05,2090,6499.6,47928.9,29406.1,41429.3,3203.0
575,2091,ULSD,6027.56,2091,481.5,43052.4,25485.8,42570.9,3162.0
576,2092,ULSD,5736.72,2092,16.5,39320.5,21408.9,39304.0,3072.0
577,2093,ULSD,5941.07,2093,52.1,42626.2,25494.2,42574.1,3891.0
578,2094,ULSD,6320.400000000003,2094,466.9,44719.2,26976.4,44252.299999999996,3648.0
579,2095,ULSD,6002.109999999999,2095,18.4,46119.2,27743.2,46100.799999999996,3337.0
580,2096,ULSD,6504.440000000006,2096,1223.0,45105.9,27256.4,43882.9,4306.0
581,2097,ULSD,4589.37,2097,4556.3,35443.4,19755.45,30887.100000000002,3042.0
582,2098,ULSD,5028.93,2098,3210.9,37528.6,19141.65,34317.7,3190.0
583,2099,ULSD,3471.7099999999996,2099,0.0,26146.6,14612.8,26146.6,2394.0
584,2100,ULSD,3520.8499999999985,2100,23.7,26055.6,13060.0,26031.899999999998,2652.0
585,2101,ULSD,4872.209999999999,2101,64.9,34527.8,17878.9,34462.9,3374.0
586,2102,ULSD,5109.380000000001,2102,13.0,36985.6,18518.2,36972.6,3471.0
587,2103,ULSD,4896.92,2103,444.2,35705.2,17461.8,35261.0,3707.0
588,2104,ULSD,3461.55,2104,452.8,25626.2,12652.6,25173.4,2882.0
589,2105,ULSD,4713.52,2105,14.0,34340.1,15516.5,34326.1,4544.0
590,2106,ULSD,4495.53,2106,3807.7,34511.6,17518.75,30703.899999999998,4284.0
591,2107,ULSD,4135.38,2107,337.4,30783.2,14274.3,30445.8,3078.0
592,2108,ULSD,3937.17,2108,1367.3,29931.1,16432.9,28563.8,3031.0
593,2109,ULSD,4556.54,2109,3436.3,31922.4,17498.6,28486.100000000002,3890.0
594,2110,ULSD,4568.38,2110,16.3,32934.4,16586.45,32918.1,3496.0
595,2111,ULSD,4672.670000000001,2111,3992.0,33659.6,18383.85,29667.6,2594.0
596,2112,ULSD,3525.2299999999996,2112,558.9,26134.3,12945.1,25575.399999999998,2584.0
597,2113,ULSD,4436.550000000002,2113,445.5,31402.0,15042.0,30956.5,3285.0
598,2114,ULSD,3598.9500000000003,2114,445.6,25536.6,13262.7,25091.0,3042.0
599,2115,ULSD,4018.3500000000004,2115,444.6,30084.2,15078.3,29639.600000000002,2645.0
600,2116,ULSD,4066.9200000000005,2116,444.9,27535.1,13784.5,27090.199999999997,2953.0
601,2117,ULSD,2970.49,2117,451.0,22659.7,11315.3,22208.7,4566.0
602,2118,ULSD,3508.8999999999996,2118,456.4,25078.2,12899.9,24621.8,3756.0
603,2119,ULSD,3743.7900000000004,2119,447.1,27651.1,13065.2,27204.0,3329.0
604,2120,ULSD,3572.4700000000007,2120,14.7,24846.2,12321.95,24831.5,2439.0
605,2121,ULSD,2743.9,2121,459.3,19079.0,9445.400000000001,18619.7,1982.0
606,2122,ULSD,3249.979999999999,2122,440.5,19797.1,9088.2,19356.6,2525.0
608,2124,ULSD,2872.6200000000003,2124,440.8,20536.6,8977.1,20095.8,2238.0
609,2125,ULSD,4203.900000000001,2125,445.0,28428.5,13435.9,27983.5,1919.0
610,2126,ULSD,3349.55,2126,453.9,23743.8,12381.4,23289.899999999998,2626.0
611,2127,ULSD,4672.340000000001,2127,924.4,32051.1,15635.5,31126.699999999997,3359.0
612,2128,ULSD,3952.379999999999,2128,672.8,28868.7,14537.7,28195.9,2614.0
613,2129,ULSD,3193.74,2129,439.8,23920.8,11482.45,23481.0,2282.0
614,2130,ULSD,4822.920000000002,2130,728.3,40205.9,18868.4,39477.6,3548.0
615,2131,ULSD,4356.28,2131,950.7,32549.0,16422.75,31598.3,2816.0
617,2133,ULSD,4486.210000000002,2133,3317.3,33550.2,22927.9,30232.899999999998,2260.0
618,2134,ULSD,3590.1200000000017,2134,0.0,20674.2,13315.2,20674.2,1180.0
619,2135,ULSD,4690.079999999999,2135,4161.8,32459.5,22776.5,28297.7,1697.0
620,2136,ULSD,3689.7400000000002,2136,2300.3,25026.9,16734.3,22726.600000000002,1364.0
621,2137,ULSD,3397.07,2137,5756.7,23094.5,14742.3,17337.8,2652.0
622,2138,ULSD,4621.34,2138,12760.3,32110.6,21537.1,19350.3,2362.0
623,2139,ULSD,2736.91,2139,6808.4,22207.8,14277.1,15399.4,1982.0
624,2140,ULSD,5104.719999999999,2140,14219.1,35459.7,24617.1,21240.6,1814.0
625,2141,ULSD,3294.8300000000004,2141,1893.3,24463.4,15954.4,22570.100000000002,1865.0
626,2142,ULSD,3651.5299999999997,2142,7557.6,26014.5,17815.6,18456.9,1486.0
627,2143,ULSD,3043.3300000000004,2143,57.5,21928.0,13004.45,21870.5,1880.0
628,2144,ULSD,4193.6900000000005,2144,23015.0,29730.6,28767.6,6715.5999999999985,160.0
629,2145,ULSD,2806.0200000000004,2145,7680.4,18959.9,7680.4,11279.500000000002,20.0
630,2146,ULSD,3140.82,2146,5685.9,22642.1,22036.45,16956.199999999997,152.0
634,2150,ULSD,1387.6499999999999,2150,1262.5,9523.8,8780.1,8261.3,252.0
636,2152,ULSD,1119.0,2152,0.0,8798.8,8068.5,8798.8,163.0
641,243,ULSD,4718.070000000001,243,92478.1,138667.3,112790.6,46189.19999999998,13781.0
642,245,ULSD,533.65,245,504221.7,565465.0,534669.9,61243.29999999999,24056.0
643,301,ULSD,5187.620000000002,301,342355.5,352014.6,346829.6,9659.099999999977,1132.0
644,302,ULSD,6583.199999999999,302,244162.7,281027.2,263545.8,36864.5,13865.0
645,303,ULSD,9519.359999999999,303,231775.7,243508.7,237316.4,11733.0,1695.0
646,304,ULSD,18173.349999999988,304,181312.8,306788.3,253316.75,125475.5,15926.0
647,305,ULSD,6522.09,305,227952.9,264257.9,246958.0,36305.00000000003,13057.0
648,306,ULSD,8156.700000000001,306,234021.3,284361.0,260505.5,50339.70000000001,15383.0
649,307,ULSD,19859.93,307,150530.6,292574.8,220337.4,142044.19999999998,18981.0
650,308,ULSD,21419.850000000017,308,253439.1,389428.4,318432.5,135989.30000000002,12431.0
651,309,ULSD,8107.7400000000025,309,173855.3,229102.4,202252.5,55247.100000000006,17323.0
652,310,ULSD,6471.16,310,191409.1,260908.7,224618.6,69499.6,24871.0
