,TRNUNT,TRNPI1,TRNPQ1,EquipmentID,min_odo,max_odo,odo_change
0,,ULSD,2887.0200000000004,,,,
1,1520,ULSD,2767.74,1520,511876.7,587759.8,75883.10000000003
2,1521,ULSD,4406.219999999998,1521,457.7,612074.6,611616.9
3,1522,ULSD,3662.87,1522,206524.5,226182.2,19657.70000000001
4,1523,ULSD,1909.9099999999999,1523,552332.1,563615.1,11283.0
5,1524,ULSD,3912.9799999999996,1524,492407.9,517765.3,25357.399999999965
6,1525,ULSD,427.13,1525,447.2,556613.3,556166.1000000001
7,1526,ULSD,1942.9899999999998,1526,576860.3,590814.4,13954.099999999977
8,1527,ULSD,4736.100000000002,1527,598520.9,629400.4,30879.5
9,1528,ULSD,5016.94,1528,587206.3,618110.9,30904.599999999977
10,1529,ULSD,3879.9899999999993,1529,526439.8,550944.3,24504.5
11,1530,ULSD,4086.91,1530,0.0,573175.2,573175.2
12,1531,ULSD,3349.7999999999993,1531,18.2,480176.9,480158.7
13,1532,ULSD,2344.21,1532,567877.6,581694.8,13817.20000000007
14,1533,ULSD,2064.35,1533,125802.9,563717.5,437914.6
15,1534,ULSD,14154.900000000001,1534,478171.4,501430.7,23259.29999999999
16,1535,ULSD,5193.02,1535,575337.7,610150.2,34812.5
17,1536,ULSD,2378.87,1536,600940.9,616209.5,15268.599999999977
18,1537,ULSD,1074.61,1537,446.6,560601.8,560155.2000000001
19,1538,ULSD,705.87,,,,
20,1539,ULSD,2492.74,1539,91634.8,586103.0,494468.2
21,1540,ULSD,3989.02,1540,592017.1,618111.6,26094.5
22,1541,ULSD,3054.600000000001,1541,537117.4,556623.6,19506.199999999953
23,1542,ULSD,4152.71,1542,513062.5,539395.8,26333.300000000047
24,1543,ULSD,5457.9,1543,449.6,548681.4,548231.8
25,1544,ULSD,4361.87,1544,574855.8,603917.1,29061.29999999993
26,1545,ULSD,4561.51,1545,576231.4,604582.6,28351.199999999953
27,1546,ULSD,4187.53,1546,540053.6,566249.4,26195.800000000047
28,1547,ULSD,3471.6600000000008,1547,542976.4,566828.2,23851.79999999993
29,1548,ULSD,1031.73,1548,447.2,542438.3,541991.1000000001
30,1549,ULSD,3236.3900000000003,1549,0.0,585928.2,585928.2
31,1550,ULSD,7356.609999999997,1550,486975.9,539659.1,52683.19999999995
32,1551,ULSD,12079.200000000003,1551,72056.3,581044.2,508987.89999999997
33,1552,ULSD,9104.810000000001,1552,510184.7,567565.9,57381.20000000001
34,1554,ULSD,5198.23,1554,0.0,563020.0,563020.0
35,1555,ULSD,8717.69,1555,477812.8,540178.4,62365.600000000035
36,1556,ULSD,10477.299999999997,1556,0.0,564552.7,564552.7
37,1557,ULSD,6646.339999999998,1557,0.0,549173.4,549173.4
38,1558,ULSD,11725.960000000001,1558,0.0,505251.2,505251.2
39,1559,ULSD,15244.250000000007,1559,0.0,607715.9,607715.9
40,1560,ULSD,14149.410000000005,1560,0.0,582178.7,582178.7
41,1561,ULSD,10612.150000000003,1561,15.0,562495.0,562480.0
42,1562,ULSD,11686.570000000002,1562,518796.9,594146.0,75349.09999999998
43,1563,ULSD,6615.580000000001,1563,364114.1,499325.4,135211.30000000005
44,1564,ULSD,5698.209999999999,1564,139835.9,531260.9,391425.0
45,1565,ULSD,14866.070000000003,1565,16.9,599301.4,599284.5
46,1566,ULSD,8098.619999999998,1566,508332.1,558037.8,49705.70000000007
47,1567,ULSD,14222.890000000018,1567,12.9,572417.4,572404.5
48,1568,ULSD,13068.349999999995,1568,14.8,592019.6,592004.7999999999
49,1569,ULSD,4722.539999999999,1569,517996.2,527936.1,9939.899999999965
50,1570,ULSD,10341.349999999999,1570,0.0,554954.1,554954.1
51,1571,ULSD,11204.63,1571,552317.2,632573.3,80256.1000000001
52,1572,ULSD,13525.939999999997,1572,13.7,599044.8,599031.1000000001
53,1573,ULSD,7174.74,1573,487717.0,544249.7,56532.69999999995
54,1574,ULSD,14575.329999999994,1574,245926.3,574380.4,328454.10000000003
55,1575,ULSD,10996.740000000002,1575,0.0,559991.0,559991.0
56,1576,ULSD,17828.65,1576,202044.5,600194.9,398150.4
57,1577,ULSD,5127.7300000000005,1577,16.0,479644.6,479628.6
58,1578,ULSD,12291.26,1578,478738.0,557640.8,78902.80000000005
59,1579,ULSD,9367.529999999999,1579,0.0,524684.1,524684.1
60,1580,ULSD,12566.039999999995,1580,456.0,579221.3,578765.3
61,1581,ULSD,13528.620000000004,1581,451399.8,536804.6,85404.79999999999
62,1582,ULSD,6289.719999999999,1582,445.1,534213.1,533768.0
63,1583,ULSD,6758.209999999998,1583,480149.5,532421.4,52271.90000000002
64,1584,ULSD,11021.570000000002,1584,443.9,570049.7,569605.7999999999
65,1585,ULSD,11209.550000000007,1585,143853.9,587105.6,443251.69999999995
66,1586,ULSD,12365.26,1586,196382.6,574355.3,377972.70000000007
67,1587,ULSD,10885.93000000001,1587,459.5,590925.0,590465.5
68,1588,ULSD,13651.850000000002,1588,440.5,530434.6,529994.1
69,1589,ULSD,13644.059999999996,1589,457.8,573477.2,573019.3999999999
70,1590,ULSD,15866.479999999994,1590,450.7,553460.0,553009.3
71,1591,ULSD,7920.640000000001,1591,56150.6,536319.9,480169.30000000005
72,1592,ULSD,11213.010000000002,1592,545.2,531158.9,530613.7000000001
73,1593,ULSD,14351.140000000003,1593,441415.7,531350.1,89934.39999999997
74,1594,ULSD,12939.99,1594,439.4,589256.8,588817.4
75,1595,ULSD,17548.420000000006,1595,0.0,600132.4,600132.4
76,1596,ULSD,18680.99,1596,443.9,597665.6,597221.7
77,1597,ULSD,17188.870000000003,1597,444.8,616982.4,616537.6
78,1598,ULSD,15306.520000000006,1598,41187.1,571770.8,530583.7000000001
79,1599,ULSD,17437.309999999998,1599,453.7,563537.2,563083.5
80,1600,ULSD,15414.729999999996,1600,435611.4,531120.4,95509.0
81,1601,ULSD,16358.050000000001,1601,457.9,634751.2,634293.2999999999
82,1602,ULSD,16637.279999999995,1602,14.6,553195.8,553181.2000000001
83,1603,ULSD,16133.160000000009,1603,446.2,600393.8,599947.6000000001
84,1604,ULSD,16303.299999999994,1604,463.4,604590.3,604126.9
85,1605,ULSD,19849.680000000008,1605,14.9,579900.2,579885.2999999999
86,1606,ULSD,17595.820000000014,1606,22.1,602763.9,602741.8
87,1607,ULSD,15443.030000000002,1607,0.0,637546.1,637546.1
88,1608,ULSD,17573.5,1608,502.8,590632.9,590130.1
89,1609,ULSD,15636.890000000001,1609,15.7,607842.2,607826.5
90,1610,ULSD,16599.39000000002,1610,453937.3,567869.6,113932.29999999999
91,1611,ULSD,13657.31999999999,1611,183395.5,519457.8,336062.3
92,1612,ULSD,15317.400000000021,1612,0.0,612465.8,612465.8
93,1613,ULSD,15642.749999999995,1613,481.7,575147.2,574665.5
94,1614,ULSD,14961.780000000006,1614,0.0,570791.8,570791.8
95,1615,ULSD,13374.690000000002,1615,434582.0,529497.8,94915.80000000005
96,1616,ULSD,11651.970000000005,1616,466571.5,552379.9,85808.40000000002
97,1617,ULSD,19011.15999999999,1617,467600.9,591628.5,124027.59999999998
98,1618,ULSD,19253.03999999998,1618,78674.0,572320.4,493646.4
99,1619,ULSD,16236.460000000003,1619,484961.5,590744.7,105783.19999999995
100,1620,ULSD,18354.669999999995,1620,11.6,577262.4,577250.8
101,1621,ULSD,15648.760000000006,1621,468479.1,575708.8,107229.70000000007
102,1622,ULSD,5952.91,1622,516759.2,526931.8,10172.600000000035
103,1623,ULSD,16796.309999999994,1623,13.5,578057.4,578043.9
104,1624,ULSD,13208.070000000002,1624,478635.6,583455.3,104819.70000000007
105,1625,ULSD,18852.63,1625,469015.9,594012.6,124996.69999999995
106,1626,ULSD,18168.890000000007,1626,6291.6,602611.5,596319.9
107,1627,ULSD,16814.21,1627,454627.7,564858.3,110230.60000000003
108,1628,ULSD,20493.85000000001,1628,450671.9,588288.4,137616.5
109,1629,ULSD,13534.440000000002,1629,406017.3,513338.4,107321.10000000003
110,1630,ULSD,17963.410000000007,1630,436246.0,561726.2,125480.19999999995
111,1631,ULSD,14423.770000000008,1631,0.0,541460.9,541460.9
112,1632,ULSD,18049.050000000014,1632,0.0,545368.7,545368.7
113,1633,ULSD,17165.319999999992,1633,442258.8,558260.2,116001.39999999997
114,1634,ULSD,18812.87,1634,436.3,570651.8,570215.5
115,1635,ULSD,13053.240000000013,1635,20238.7,545606.9,525368.2000000001
116,1636,ULSD,18142.37,1636,492467.3,617898.6,125431.29999999999
117,1637,ULSD,14643.35,1637,428578.7,524449.6,95870.89999999997
118,1638,ULSD,17267.620000000003,1638,462853.2,586438.6,123585.39999999997
119,1639,ULSD,20028.06000000001,1639,454447.2,585307.2,130859.99999999994
120,1640,ULSD,17055.110000000004,1640,415298.1,530483.1,115185.0
121,1641,ULSD,14031.199999999999,1641,424852.7,517843.7,92991.0
122,1642,ULSD,20187.519999999997,1642,460543.3,593749.7,133206.39999999997
123,1643,ULSD,11573.949999999999,1643,453959.5,530885.4,76925.90000000002
124,1644,ULSD,14560.909999999993,1644,379493.8,476765.4,97271.60000000003
125,1645,ULSD,21205.659999999996,1645,0.0,603582.6,603582.6
126,1646,ULSD,17895.630000000005,1646,486942.9,609116.4,122173.5
127,1647,ULSD,18479.030000000002,1647,426739.6,553565.2,126825.59999999998
128,1648,ULSD,21142.08000000001,1648,428145.5,577815.7,149670.19999999995
129,1649,ULSD,19975.550000000003,1649,432847.7,564242.7,131394.99999999994
130,1650,ULSD,13006.560000000001,1650,449808.6,536756.2,86947.59999999998
131,1651,ULSD,19338.819999999996,1651,460964.2,596615.9,135651.7
132,1652,ULSD,19285.509999999987,1652,428031.6,557053.4,129021.80000000005
133,1653,ULSD,19295.13,1653,391874.8,523114.4,131239.60000000003
134,1654,ULSD,17035.940000000002,1654,455711.4,572367.2,116655.79999999993
135,1655,ULSD,20142.3,1655,60480.3,616848.4,556368.1
136,1656,ULSD,19469.78999999999,1656,431725.8,554336.2,122610.39999999997
137,1657,ULSD,19053.420000000006,1657,205743.6,561136.7,355393.1
138,1658,ULSD,19706.179999999993,1658,407278.3,539956.6,132678.3
139,1659,ULSD,20127.64000000001,1659,424315.2,566212.8,141897.60000000003
140,1660,ULSD,13399.129999999997,1660,399052.0,500507.9,101455.90000000002
141,1661,ULSD,8313.039999999997,1661,0.0,506645.0,506645.0
142,1662,ULSD,18989.36000000001,1662,434461.5,564283.6,129822.09999999998
143,1663,ULSD,12357.400000000003,1663,434964.9,519415.8,84450.89999999997
144,1664,ULSD,20475.770000000008,1664,373860.5,861003.9,487143.4
145,1665,ULSD,19515.07000000001,1665,366902.2,503309.3,136407.09999999998
146,1666,ULSD,21888.61999999999,1666,40947.9,501809.2,460861.3
147,1667,ULSD,22546.1,1667,407353.3,557522.1,150168.8
148,1668,ULSD,17272.6,1668,0.0,577446.3,577446.3
149,1669,ULSD,22134.699999999997,1669,404516.6,556574.1,152057.5
150,1670,ULSD,17669.18,1670,429837.9,551787.0,121949.09999999998
151,1671,ULSD,16479.10000000001,1671,402367.2,510287.0,107919.79999999999
152,1672,ULSD,19704.050000000007,1672,354397.2,468818.5,114421.29999999999
153,1673,ULSD,16121.830000000002,1673,407109.4,512363.6,105254.19999999995
154,1674,ULSD,18775.089999999997,1674,441435.6,560217.7,118782.09999999998
155,1675,ULSD,17593.78000000001,1675,403226.0,520788.1,117562.09999999998
156,1676,ULSD,18109.35,1676,371794.4,493197.2,121402.79999999999
157,1677,ULSD,20195.72999999999,1677,396857.4,531804.1,134946.69999999995
158,1678,ULSD,17674.25,1678,417101.9,535508.2,118406.29999999993
159,1679,ULSD,17532.65000000001,1679,15106.8,480993.4,465886.60000000003
160,1680,ULSD,14913.290000000005,1680,395200.6,490900.4,95699.80000000005
161,1681,ULSD,17357.030000000006,1681,65541.2,473347.7,407806.5
162,1682,ULSD,15756.030000000006,1682,0.0,467972.7,467972.7
163,1683,ULSD,18001.370000000003,1683,374047.2,504651.0,130603.79999999999
164,1684,ULSD,22275.689999999984,1684,326495.8,483195.0,156699.2
165,1685,ULSD,15080.720000000008,1685,0.0,551103.6,551103.6
166,1686,ULSD,21369.919999999995,1686,346312.2,525752.9,179440.7
167,1687,ULSD,21787.959999999995,1687,317900.8,467205.4,149304.60000000003
168,1688,ULSD,15730.840000000006,1688,360633.2,466494.5,105861.29999999999
169,1689,ULSD,19706.839999999997,1689,164750.9,498410.2,333659.30000000005
170,1690,ULSD,21217.47999999999,1690,371818.9,515839.4,144020.5
171,1691,ULSD,16500.31000000001,1691,385175.9,499992.1,114816.19999999995
172,1692,ULSD,19454.339999999997,1692,428017.7,559435.8,131418.10000000003
173,1693,ULSD,21674.11,1693,340043.7,489710.5,149666.8
174,1694,ULSD,22917.550000000014,1694,383529.4,536024.2,152494.79999999993
175,1695,ULSD,19655.690000000002,1695,357572.0,489134.2,131562.2
176,1696,ULSD,21934.32999999999,1696,369995.9,514256.1,144260.19999999995
177,1697,ULSD,22744.870000000024,1697,336965.7,491092.1,154126.39999999997
178,1698,ULSD,18749.939999999995,1698,329709.7,462788.8,133079.09999999998
179,1699,ULSD,23760.000000000025,1699,338831.8,503529.8,164698.0
180,1700,ULSD,19955.22000000001,1700,348031.1,478594.3,130563.20000000001
181,1701,ULSD,21808.94,1701,359019.8,504053.9,145034.10000000003
182,1702,ULSD,18611.689999999988,1702,345901.2,465158.6,119257.39999999997
183,1703,ULSD,25057.020000000004,1703,352794.9,521998.6,169203.69999999995
184,1704,ULSD,21306.10999999998,1704,288417.6,428089.7,139672.10000000003
185,1705,ULSD,18699.66999999999,1705,348324.5,479365.5,131041.0
186,1706,ULSD,20571.559999999987,1706,323390.3,461969.1,138578.8
187,1707,ULSD,17827.16000000001,1707,365068.3,488358.7,123290.40000000002
188,1708,ULSD,19947.79,1708,347668.5,481523.1,133854.59999999998
189,1709,ULSD,21815.350000000028,1709,387240.9,537774.2,150533.29999999993
190,1710,ULSD,20155.52999999999,1710,82458.2,498030.0,415571.8
191,1711,ULSD,19283.320000000007,1711,342948.0,470149.9,127201.90000000002
192,1712,ULSD,18162.319999999996,1712,360378.8,494200.6,133821.8
193,1713,ULSD,21216.54000000001,1713,0.0,522212.3,522212.3
194,1714,ULSD,23273.209999999977,1714,378764.1,539615.3,160851.20000000007
195,1715,ULSD,25386.519999999997,1715,341855.3,510611.3,168756.0
196,1716,ULSD,24093.110000000008,1716,341249.2,507795.2,166546.0
197,1717,ULSD,22840.440000000002,1717,375930.3,532608.2,156677.89999999997
198,1718,ULSD,21986.27999999999,1718,358562.2,507734.2,149172.0
199,1719,ULSD,17964.530000000002,1719,301419.6,421628.6,120209.0
200,1720,ULSD,22350.699999999993,1720,339707.3,487844.5,148137.2
201,1721,ULSD,16364.380000000025,1721,369049.8,494397.8,125348.0
202,1722,ULSD,22371.249999999985,1722,325256.9,572745.4,247488.5
203,1723,ULSD,20056.529999999984,1723,303334.2,444367.4,141033.2
204,1724,ULSD,19413.590000000004,1724,306817.7,437275.8,130458.09999999998
205,1725,ULSD,25206.759999999984,1725,368006.3,537012.1,169005.8
206,1726,ULSD,22127.48,1726,338570.2,486345.7,147775.5
207,1727,ULSD,16014.790000000003,1727,305912.2,415629.1,109716.89999999997
208,1728,ULSD,23879.969999999994,1728,319669.4,474918.8,155249.39999999997
209,1729,ULSD,22320.82,1729,352824.8,507013.7,154188.90000000002
210,1730,ULSD,24635.709999999995,1730,375429.0,545817.1,170388.09999999998
211,1731,ULSD,21609.589999999982,1731,309695.2,456544.2,146849.0
212,1732,ULSD,24276.53,1732,370881.3,527532.8,156651.50000000006
213,1733,ULSD,21980.13000000001,1733,374004.0,525262.9,151258.90000000002
214,1734,ULSD,24769.179999999993,1734,371945.7,534897.7,162951.99999999994
215,1735,ULSD,19974.369999999995,1735,331956.5,468713.6,136757.09999999998
216,1736,ULSD,22106.779999999995,1736,324954.9,472730.6,147775.69999999995
217,1737,ULSD,19950.399999999994,1737,354644.5,459885.9,105241.40000000002
218,1738,ULSD,21596.54,1738,314518.7,465024.7,150506.0
219,1739,ULSD,20653.93000000001,1739,347455.6,489311.8,141856.2
220,1740,ULSD,16186.050000000016,1740,329486.0,442235.6,112749.59999999998
221,1741,ULSD,20550.300000000014,1741,270931.7,546736.6,275804.89999999997
222,1742,ULSD,14760.150000000003,1742,222477.2,322693.0,100215.79999999999
223,1743,ULSD,20638.37,1743,333325.7,471992.9,138667.2
224,1744,ULSD,19645.799999999996,1744,323872.3,461035.6,137163.3
225,1745,ULSD,18021.580000000005,1745,322685.0,445773.4,123088.40000000002
226,1746,ULSD,16477.49000000001,1746,293777.0,400407.2,106630.20000000001
227,1747,ULSD,22677.65000000001,1747,308600.3,448437.9,139837.60000000003
228,1748,ULSD,21065.680000000008,1748,396913.3,539818.4,142905.10000000003
229,1749,ULSD,19045.339999999993,1749,293954.2,419346.5,125392.29999999999
230,1750,ULSD,21794.010000000002,1750,296631.1,452311.4,155680.30000000005
231,1751,ULSD,20443.910000000003,1751,305402.1,444111.5,138709.40000000002
232,1752,ULSD,23235.260000000002,1752,322383.9,476127.3,153743.39999999997
233,1753,ULSD,20860.960000000003,1753,288433.5,429658.1,141224.59999999998
234,1754,ULSD,19994.98999999999,1754,299588.1,542963.8,243375.70000000007
235,1755,ULSD,23224.73000000001,1755,318618.2,471737.9,153119.7
236,1756,ULSD,15592.420000000004,1756,0.0,408997.0,408997.0
237,1757,ULSD,23112.290000000008,1757,365297.2,521313.4,156016.2
238,1758,ULSD,19766.960000000006,1758,303622.5,435850.6,132228.09999999998
239,1759,ULSD,19302.909999999993,1759,319441.5,456778.7,137337.2
240,1760,ULSD,21438.46999999999,1760,287431.6,432845.0,145413.40000000002
241,1761,ULSD,20270.13,1761,313254.9,451734.0,138479.09999999998
242,1762,ULSD,18910.960000000006,1762,0.0,414901.0,414901.0
243,1763,ULSD,21930.12000000001,1763,297017.2,444901.9,147884.7
244,1764,ULSD,22914.350000000002,1764,317355.0,469829.1,152474.09999999998
245,1765,ULSD,17105.060000000012,1765,285756.7,397636.1,111879.39999999997
246,1766,ULSD,25169.14,1766,73821.8,475846.5,402024.7
247,1767,ULSD,22476.40000000001,1767,314820.0,466904.3,152084.3
248,1768,ULSD,24159.460000000003,1768,300417.4,466588.4,166171.0
249,1769,ULSD,19653.43000000001,1769,268511.4,404269.0,135757.59999999998
250,1770,ULSD,18189.02,1770,305563.7,424600.0,119036.29999999999
251,1771,ULSD,16766.709999999992,1771,0.0,417030.5,417030.5
252,1772,ULSD,25530.05999999997,1772,281135.8,449017.7,167881.90000000002
253,1773,ULSD,20134.70000000001,1773,272669.1,412170.3,139501.2
254,1774,ULSD,20777.91000000001,1774,288736.9,428207.5,139470.59999999998
255,1775,ULSD,18236.69000000001,1775,272608.7,399325.9,126717.20000000001
256,1776,ULSD,21186.71000000001,1776,271055.5,416658.2,145602.7
257,1777,ULSD,22180.959999999992,1777,260900.8,409096.0,148195.2
258,1778,ULSD,23820.030000000017,1778,273697.8,433766.4,160068.60000000003
259,1779,ULSD,22649.11,1779,275055.0,424081.5,149026.5
260,1780,ULSD,21055.969999999994,1780,279595.0,433338.5,153743.5
261,1781,ULSD,22905.21,1781,250681.6,409246.6,158564.99999999997
262,1782,ULSD,20577.95,1782,0.0,375372.0,375372.0
263,1783,ULSD,20592.180000000008,1783,231348.8,378233.9,146885.10000000003
264,1784,ULSD,24159.07999999999,1784,236582.2,400013.5,163431.3
265,1785,ULSD,21589.900000000005,1785,231897.5,386066.2,154168.7
266,1786,ULSD,17628.67,1786,262686.6,384251.2,121564.60000000003
267,1787,ULSD,23504.719999999998,1787,224306.6,384338.5,160031.9
268,1788,ULSD,19019.12,1788,233077.8,360412.7,127334.90000000002
269,1789,ULSD,19155.74999999999,1789,782.2,338901.1,338118.89999999997
270,1790,ULSD,17945.56,1790,184743.2,496805.1,312061.89999999997
271,1791,ULSD,19079.06000000002,1791,201416.4,339948.7,138532.30000000002
272,1792,ULSD,25423.670000000013,1792,241955.1,429997.6,188042.49999999997
273,1793,ULSD,19851.519999999993,1793,206754.0,345972.7,139218.7
274,1794,ULSD,18940.07999999999,1794,189573.2,323163.1,133589.89999999997
275,1795,FUEL,101.48,1795,211987.7,360481.1,148493.39999999997
276,1795,ULSD,20949.069999999996,1795,211987.7,360481.1,148493.39999999997
277,1796,FUEL,167.38,1796,0.0,332592.2,332592.2
278,1796,ULSD,18558.440000000006,1796,0.0,332592.2,332592.2
279,1797,ULSD,19021.110000000004,1797,195816.4,321201.4,125385.00000000003
280,1798,ULSD,20091.610000000004,1798,171444.0,311988.2,140544.2
281,1799,ULSD,19846.96,1799,180427.9,307717.2,127289.30000000002
282,1800,ULSD,20368.78,1800,182751.9,327433.4,144681.50000000003
283,1801,ULSD,17925.529999999995,1801,195002.2,323571.0,128568.79999999999
284,1802,ULSD,21526.890000000014,1802,183026.1,331097.3,148071.19999999998
285,1803,ULSD,18896.659999999996,1803,198446.6,328564.9,130118.30000000002
286,1804,ULSD,20244.630000000016,1804,201071.7,347398.2,146326.5
287,1805,ULSD,17460.100000000017,1805,150561.6,273837.8,123276.19999999998
288,1806,ULSD,18120.97,1806,176088.7,298907.5,122818.79999999999
289,1807,ULSD,20019.329999999998,1807,0.0,318740.6,318740.6
290,1808,ULSD,23127.56999999999,1808,181974.5,343028.2,161053.7
291,1809,ULSD,18876.76000000002,1809,137284.1,273527.9,136243.80000000002
292,1810,ULSD,22964.619999999984,1810,130462.9,283610.8,153147.9
293,1811,ULSD,19097.679999999986,1811,169967.1,303724.4,133757.30000000002
294,1812,ULSD,19905.160000000007,1812,176949.0,316805.5,139856.5
295,1813,ULSD,19011.76000000001,1813,159303.8,292483.5,133179.7
296,1814,ULSD,25074.94,1814,182537.0,356295.4,173758.40000000002
297,1815,ULSD,20139.260000000002,1815,0.0,308270.7,308270.7
298,1816,ULSD,19911.379999999994,1816,169894.8,307491.9,137597.10000000003
299,1817,ULSD,19910.71,1817,117170.5,257977.5,140807.0
300,1818,ULSD,20756.89999999999,1818,168521.3,312152.0,143630.7
301,1819,ULSD,22475.709999999995,1819,186080.7,343851.4,157770.7
302,1820,ULSD,16036.680000000006,1820,171166.8,285987.7,114820.90000000002
303,1821,ULSD,21917.539999999994,1821,143883.6,299906.3,156022.69999999998
304,1822,ULSD,15595.16,1822,89791.4,216049.0,126257.6
305,1823,ULSD,15295.73,1823,0.0,245315.8,245315.8
306,1824,ULSD,22884.000000000007,1824,142407.1,303668.4,161261.30000000002
307,1825,ULSD,22251.74,1825,155663.4,319098.2,163434.80000000002
308,1826,ULSD,20175.640000000007,1826,141371.9,261081.9,119710.0
309,1827,ULSD,15970.540000000006,1827,141835.0,251281.7,109446.70000000001
310,1828,ULSD,23504.41999999999,1828,124518.3,296567.9,172049.60000000003
311,1829,ULSD,22240.87999999999,1829,128830.2,286769.9,157939.7
312,1830,ULSD,24071.339999999993,1830,146598.4,318920.6,172322.19999999998
313,1831,ULSD,19703.63000000001,1831,117775.2,256127.2,138352.0
314,1832,ULSD,17940.290000000005,1832,121650.9,443766.3,322115.4
315,1833,ULSD,20164.57000000001,1833,140428.1,285505.9,145077.80000000002
316,1834,ULSD,19755.91999999999,1834,133306.7,275790.7,142484.0
317,1835,ULSD,20551.32000000002,1835,135630.9,280885.3,145254.4
318,1836,ULSD,22733.170000000016,1836,124807.7,281788.6,156980.89999999997
319,1837,ULSD,19569.660000000003,1837,127060.4,269000.8,141940.4
320,1838,ULSD,20785.85999999999,1838,145574.0,481818.2,336244.2
321,1839,ULSD,16102.510000000002,1839,128881.6,241223.4,112341.79999999999
322,1840,ULSD,19756.69000000001,1840,136283.4,266840.4,130557.00000000003
323,1841,ULSD,16858.28,1841,87754.4,206824.2,119069.80000000002
324,1842,ULSD,20483.65000000001,1842,0.0,261014.3,261014.3
325,1843,ULSD,24954.510000000006,1843,144636.8,317693.9,173057.10000000003
326,1844,ULSD,18897.66000000001,1844,114948.8,248302.7,133353.90000000002
327,1845,ULSD,22921.49000000002,1845,129602.2,291722.2,162120.0
328,1846,ULSD,19438.280000000006,1846,132660.6,269640.1,136979.49999999997
329,1847,ULSD,19736.40000000001,1847,0.0,278209.3,278209.3
330,1848,ULSD,20569.660000000003,1848,0.0,278093.6,278093.6
331,1849,ULSD,20869.330000000024,1849,118354.6,531568.6,413214.0
332,1850,ULSD,21924.590000000015,1850,120341.4,278055.4,157714.00000000003
333,1851,ULSD,22276.670000000002,1851,99270.1,262340.0,163069.9
334,1852,ULSD,25257.500000000004,1852,123456.6,302571.9,179115.30000000002
335,1853,ULSD,21950.259999999987,1853,102165.4,262714.2,160548.80000000002
336,1854,ULSD,19173.69,1854,101867.4,246503.5,144636.1
337,1855,ULSD,20453.819999999996,1855,103222.9,250739.9,147517.0
338,1856,ULSD,18908.89999999999,1856,98932.5,232350.0,133417.5
339,1857,ULSD,18981.240000000005,1857,100445.5,480538.7,380093.2
340,1858,ULSD,19329.300000000007,1858,89228.4,226167.1,136938.7
341,1859,ULSD,18273.47,1859,0.0,248580.1,248580.1
342,1860,ULSD,24505.560000000012,1860,118526.2,289758.2,171232.0
343,1861,ULSD,22707.029999999995,1861,107872.5,567612.8,459740.30000000005
344,1862,ULSD,20470.409999999993,1862,107252.6,252803.6,145551.0
345,1863,ULSD,21283.760000000013,1863,106933.5,259092.9,152159.4
346,1864,ULSD,14446.070000000018,1864,103412.9,227969.2,124556.30000000002
347,1865,ULSD,18559.280000000013,1865,97826.1,230682.2,132856.1
348,1866,ULSD,17775.410000000003,1866,97456.6,229381.6,131925.0
349,1867,ULSD,21809.780000000017,1867,87828.1,239529.9,151701.8
350,1868,ULSD,21907.619999999995,1868,88419.9,243710.8,155290.9
351,1869,ULSD,13095.840000000006,1869,71080.3,165428.8,94348.49999999999
352,1870,ULSD,22637.980000000003,1870,79121.3,242474.6,163353.3
353,1871,ULSD,23294.43,1871,101136.5,269133.2,167996.7
354,1872,ULSD,22210.599999999995,1872,92328.3,257172.0,164843.7
355,1873,ULSD,26267.95999999999,1873,105160.0,277872.6,172712.59999999998
356,1874,ULSD,22748.220000000005,1874,83702.1,247014.7,163312.6
357,1875,ULSD,21856.63,1875,93098.3,244492.8,151394.5
358,1876,ULSD,20676.059999999983,1876,102281.0,248770.6,146489.6
359,1877,ULSD,20634.31000000001,1877,87776.2,229619.9,141843.7
360,1878,ULSD,20162.53000000001,1878,91838.2,231147.2,139309.0
361,1879,ULSD,19441.80000000001,1879,89942.2,228288.2,138346.0
362,1880,ULSD,19742.760000000002,1880,100407.6,202044.4,101636.79999999999
363,1881,ULSD,22176.64,1881,106248.6,263153.8,156905.19999999998
364,1882,ULSD,20252.530000000006,1882,94960.1,234782.0,139821.9
365,1883,ULSD,22396.749999999996,1883,88745.4,250264.5,161519.1
366,1884,ULSD,23779.180000000015,1884,85235.1,251778.8,166543.69999999998
367,1885,ULSD,21167.150000000012,1885,0.0,245060.6,245060.6
368,1886,ULSD,20592.310000000012,1886,90428.7,238715.8,148287.09999999998
369,1887,ULSD,20309.639999999985,1887,0.0,229872.4,229872.4
370,1888,ULSD,20251.65,1888,88433.5,238598.1,150164.6
371,1889,ULSD,22429.259999999995,1889,73606.9,224189.3,150582.4
372,1890,ULSD,22207.640000000007,1890,0.0,209594.8,209594.8
373,1891,ULSD,23149.090000000004,1891,61491.5,250124.8,188633.3
374,1892,ULSD,21185.559999999998,1892,65251.9,243252.0,178000.1
375,1893,ULSD,18880.449999999997,1893,5083.7,211971.0,206887.3
376,1894,ULSD,20029.470000000012,1894,62349.7,229117.2,166767.5
377,1895,ULSD,20946.17000000001,1895,0.0,226816.2,226816.2
378,1896,ULSD,20850.240000000013,1896,48455.3,245166.3,196711.0
379,1897,ULSD,21904.40000000001,1897,13802.6,246896.4,233093.8
380,1898,ULSD,23391.39,1898,63372.7,235559.0,172186.3
381,1899,ULSD,22027.359999999997,1899,57819.3,407840.8,350021.5
382,1900,ULSD,21201.5,1900,57098.3,237026.4,179928.09999999998
383,1901,ULSD,19357.350000000006,1901,74235.5,216517.6,142282.1
384,1902,ULSD,20099.60999999999,1902,71068.4,215066.5,143998.1
385,1903,ULSD,20125.859999999997,1903,67791.2,232730.9,164939.7
386,1904,ULSD,23064.319999999974,1904,75973.0,243877.6,167904.6
387,1905,ULSD,24043.870000000014,1905,91591.4,265437.5,173846.1
388,1906,ULSD,23040.639999999992,1906,6666.7,246210.4,239543.69999999998
389,1907,ULSD,18452.54,1907,65978.4,193193.9,127215.5
390,1908,ULSD,17490.69000000001,1908,77517.3,200529.8,123012.49999999999
391,1909,ULSD,20630.809999999998,1909,78015.9,549240.2,471224.29999999993
392,1910,ULSD,19645.600000000006,1910,78858.5,223183.8,144325.3
393,1911,ULSD,20472.26999999999,1911,83110.3,231102.1,147991.8
394,1912,ULSD,22848.119999999995,1912,100861.5,269919.0,169057.5
395,1913,ULSD,25653.039999999975,1913,88463.6,273409.8,184946.19999999998
396,1914,ULSD,21939.83,1914,82312.2,252765.0,170452.8
397,1915,ULSD,20373.770000000008,1915,48244.4,235529.3,187284.9
398,1916,ULSD,17701.870000000014,1916,83539.7,216037.1,132497.40000000002
399,1917,ULSD,17447.33000000002,1917,58710.3,199398.8,140688.5
400,1918,ULSD,24900.790000000005,1918,62779.2,249408.8,186629.59999999998
401,1919,ULSD,26611.33000000001,1919,89987.2,281024.2,191037.0
402,1920,ULSD,19645.470000000012,1920,67749.3,228207.7,160458.40000000002
403,1921,ULSD,22501.08999999999,1921,0.0,238561.3,238561.3
404,1922,ULSD,19692.72000000003,1922,58489.4,223887.1,165397.7
405,1923,ULSD,18550.840000000007,1923,65166.5,204407.2,139240.7
406,1924,ULSD,25811.430000000004,1924,66992.0,287340.5,220348.5
407,1925,ULSD,21424.330000000013,1925,69732.5,246948.5,177216.0
408,1926,ULSD,27916.279999999995,1926,92640.9,306093.7,213452.80000000002
409,1927,ULSD,20131.91,1927,56644.8,218074.8,161430.0
410,1928,ULSD,19265.879999999997,1928,50243.1,199031.2,148788.1
411,1929,ULSD,17760.93,1929,35998.7,194859.8,158861.09999999998
412,1930,ULSD,23418.940000000002,1930,0.0,253939.4,253939.4
413,1931,ULSD,20017.79000000001,1931,75452.8,228715.6,153262.8
414,1932,ULSD,23513.920000000013,1932,55194.0,240104.4,184910.4
415,1933,ULSD,19736.559999999998,1933,0.0,232219.5,232219.5
416,1934,ULSD,26680.239999999976,1934,91862.0,282397.8,190535.8
417,1935,ULSD,19068.18999999999,1935,73125.1,222922.1,149797.0
418,1936,ULSD,19926.09999999999,1936,66904.3,216337.3,149433.0
419,1937,FUEL,121.7,1937,76226.8,204754.8,128527.99999999999
420,1937,ULSD,17656.560000000012,1937,76226.8,204754.8,128527.99999999999
421,1938,ULSD,19837.970000000005,1938,5706.0,205319.6,199613.6
422,1939,ULSD,21365.019999999986,1939,5837.2,228316.0,222478.8
423,1940,ULSD,18329.270000000015,1940,63184.5,193154.0,129969.5
424,1941,ULSD,24022.320000000014,1941,77012.5,245528.3,168515.8
425,1942,ULSD,19832.110000000008,1942,53153.4,208154.6,155001.2
426,1943,ULSD,25469.99,1943,85048.6,258473.7,173425.1
427,1944,ULSD,14797.260000000006,1944,0.0,165257.8,165257.8
428,1945,ULSD,22164.530000000006,1945,66837.8,219774.9,152937.09999999998
429,1946,ULSD,21682.78,1946,66696.7,219027.0,152330.3
430,1947,ULSD,19025.140000000007,1947,66723.7,200737.6,134013.90000000002
431,1948,ULSD,20625.29,1948,63829.8,208309.5,144479.7
432,1949,ULSD,17680.599999999995,1949,62571.5,188193.1,125621.6
433,1950,ULSD,21798.23,1950,69148.0,226432.8,157284.8
434,1951,ULSD,21610.87000000001,1951,52733.6,202420.8,149687.19999999998
435,1952,ULSD,23737.47999999998,1952,54545.3,220263.1,165717.8
436,1953,ULSD,23757.410000000018,1953,67171.7,237408.7,170237.0
437,1954,ULSD,19795.820000000007,1954,67376.6,210463.9,143087.3
438,1955,ULSD,20036.339999999993,1955,59324.9,542993.1,483668.19999999995
439,1956,ULSD,22892.029999999995,1956,66424.2,233701.1,167276.90000000002
440,1957,ULSD,21177.68999999999,1957,0.0,208201.9,208201.9
441,1958,ULSD,24910.429999999986,1958,0.0,264055.8,264055.8
442,1959,CDSL,121.03,1959,63842.8,235460.8,171618.0
443,1959,ULSD,22784.649999999998,1959,63842.8,235460.8,171618.0
444,1960,ULSD,19497.560000000005,1960,55470.9,193837.2,138366.30000000002
445,1961,ULSD,24732.829999999994,1961,72778.3,249076.2,176297.90000000002
446,1962,ULSD,17590.72000000001,1962,66434.1,193623.5,127189.4
447,1963,ULSD,14879.210000000003,1963,56051.6,162685.5,106633.9
448,1964,ULSD,18629.060000000012,1964,60414.8,196666.5,136251.7
449,1965,ULSD,21273.73000000002,1965,64993.6,225952.5,160958.9
450,1966,ULSD,12581.65,1966,32506.7,120528.1,88021.40000000001
451,1967,ULSD,21002.789999999994,1967,64202.2,214055.7,149853.5
452,1968,ULSD,20816.840000000004,1968,54303.7,204048.4,149744.7
453,1969,ULSD,20060.74,1969,43595.1,184094.3,140499.19999999998
454,1970,ULSD,22946.490000000005,1970,57042.0,213378.6,156336.6
455,1971,ULSD,19317.299999999996,1971,45376.1,175234.0,129857.9
456,1972,ULSD,24271.879999999994,1972,55902.9,229967.5,174064.6
457,1973,ULSD,21930.16999999999,1973,48407.4,205556.5,157149.1
458,1974,ULSD,24215.52,1974,58749.1,232525.9,173776.8
459,1975,ULSD,20676.780000000002,1975,51058.3,202200.2,151141.90000000002
460,1976,ULSD,22139.49999999999,1976,57618.6,220508.6,162890.0
461,1977,ULSD,20212.04999999999,1977,55339.1,198577.3,143238.19999999998
462,1978,ULSD,20671.969999999994,1978,47721.0,192304.5,144583.5
463,1979,ULSD,20547.479999999992,1979,50020.6,198085.3,148064.69999999998
464,1980,ULSD,16990.270000000015,1980,40657.9,159888.5,119230.6
465,1981,ULSD,13194.360000000002,1981,29946.7,117518.2,87571.5
466,1982,ULSD,20787.449999999993,1982,39995.4,188340.7,148345.30000000002
467,1983,ULSD,21096.45999999998,1983,42478.2,194687.2,152209.0
468,1984,ULSD,19697.21999999999,1984,40211.8,177415.0,137203.2
469,1985,ULSD,22041.85,1985,46272.2,207413.9,161141.7
470,1986,ULSD,19465.229999999992,1986,43960.2,184074.5,140114.3
471,1987,ULSD,18509.610000000004,1987,36549.8,163376.7,126826.90000000001
472,1988,ULSD,19718.410000000007,1988,0.0,183770.7,183770.7
473,1989,ULSD,22190.370000000003,1989,47258.2,210455.8,163197.59999999998
474,1990,ULSD,18978.850000000002,1990,41083.2,184591.0,143507.8
475,1991,ULSD,23899.530000000002,1991,34153.8,200328.4,166174.59999999998
476,1992,ULSD,20163.519999999997,1992,39895.5,184333.0,144437.5
477,1993,ULSD,25811.049999999996,1993,47379.3,228003.2,180623.90000000002
478,1994,ULSD,21874.37,1994,37183.5,192895.0,155711.5
479,1995,ULSD,24390.000000000007,1995,40230.2,212337.7,172107.5
480,1996,ULSD,21236.33999999999,1996,25564.3,179724.3,154160.0
481,1997,ULSD,19444.340000000004,1997,38826.0,180001.8,141175.8
482,1998,ULSD,13499.529999999999,1998,27665.2,125490.8,97825.6
483,1999,ULSD,20172.129999999997,1999,38869.1,182811.0,143941.9
484,2000,ULSD,20536.01000000001,2000,36968.4,187811.2,150842.80000000002
485,2001,ULSD,18261.489999999998,2001,27729.6,162823.8,135094.19999999998
486,2002,ULSD,19637.71,2002,31731.1,168727.5,136996.4
487,2003,ULSD,25733.96999999999,2003,36831.9,221559.2,184727.30000000002
488,2004,ULSD,21297.43,2004,35653.4,186258.1,150604.7
489,2005,ULSD,21678.380000000012,2005,33281.3,188639.5,155358.2
490,2006,ULSD,19994.93000000001,2006,1566.2,154201.2,152635.0
491,2007,ULSD,20987.909999999985,2007,1747.2,151693.9,149946.69999999998
492,2008,ULSD,21210.31,2008,266.1,144571.5,144305.4
493,2009,ULSD,20887.189999999988,2009,1320.3,147112.1,145791.80000000002
494,2010,ULSD,21273.490000000013,2010,17.1,146395.7,146378.6
495,2011,ULSD,17899.070000000014,2011,446.0,555197.2,554751.2
496,2012,ULSD,20109.48,2012,452.9,143015.4,142562.5
497,2013,ULSD,20284.35000000001,2013,0.0,144907.4,144907.4
498,2014,ULSD,22100.809999999987,2014,593.2,163316.2,162723.0
499,2015,ULSD,17232.500000000015,2015,887.1,120203.7,119316.59999999999
500,2016,ULSD,22425.91000000001,2016,15.1,493360.2,493345.10000000003
501,2017,ULSD,23471.37999999999,2017,14.3,168601.2,168586.90000000002
502,2018,ULSD,23162.529999999973,2018,522.1,164002.3,163480.19999999998
503,2019,ULSD,19761.87999999998,2019,446.3,142976.5,142530.2
504,2020,ULSD,23095.699999999997,2020,0.0,164637.9,164637.9
505,2021,ULSD,17809.219999999998,2021,0.0,135213.6,135213.6
506,2022,ULSD,16789.889999999985,2022,610.1,123034.1,122424.0
507,2023,ULSD,17537.66000000003,2023,457.0,129203.5,128746.5
508,2024,ULSD,19747.389999999996,2024,655.0,142069.4,141414.4
509,2025,ULSD,18459.709999999995,2025,0.0,133321.7,133321.7
510,2026,ULSD,21408.470000000012,2026,6711.4,156448.7,149737.30000000002
511,2027,ULSD,20242.020000000008,2027,1854.0,141255.2,139401.2
512,2028,ULSD,19346.96,2028,449.0,138848.3,138399.3
513,2029,ULSD,19066.440000000006,2029,20.9,138963.9,138943.0
514,2030,ULSD,18902.25,2030,0.0,134598.0,134598.0
515,2031,ULSD,20616.359999999997,2031,3923.7,151464.6,147540.9
516,2032,ULSD,15640.799999999997,2032,15.4,226182.2,226166.80000000002
517,2033,ULSD,16415.619999999995,2033,448.1,563615.1,563167.0
518,2034,ULSD,7147.470000000001,2034,27.2,563717.5,563690.3
519,2035,ULSD,18515.280000000002,2035,18.2,135563.1,135544.9
520,2036,ULSD,15476.520000000002,2036,15.6,581694.8,581679.2000000001
521,2037,ULSD,19003.67,2037,447.2,138305.9,137858.69999999998
522,2038,ULSD,16265.800000000007,2038,457.7,116614.7,116157.0
523,2039,ULSD,15591.340000000006,2039,503.7,119208.8,118705.1
524,2040,ULSD,17576.76,2040,481.7,539659.1,539177.4
525,2041,ULSD,16501.190000000002,2041,447.1,117989.4,117542.29999999999
526,2042,ULSD,15283.540000000003,2042,485.9,501430.7,500944.8
527,2043,ULSD,12126.060000000003,2043,504.3,86213.8,85709.5
528,2044,ULSD,15790.560000000012,2044,443.0,108248.2,107805.2
529,2045,ULSD,17655.630000000005,2045,13.0,124406.9,124393.9
530,2046,ULSD,14916.490000000003,2046,17.8,103927.6,103909.8
531,2047,ULSD,14952.180000000006,2047,3560.7,115038.6,111477.90000000001
532,2048,ULSD,16570.1,2048,3810.7,116462.2,112651.5
533,2049,ULSD,16889.230000000003,2049,3321.3,119120.5,115799.2
534,2050,ULSD,16079.99,2050,4449.3,115148.5,110699.2
535,2051,ULSD,16690.580000000005,2051,4046.6,119495.0,115448.4
536,2052,ULSD,14795.210000000001,2052,2186.8,108554.7,106367.9
537,2053,ULSD,15728.699999999999,2053,1768.7,112449.6,110680.90000000001
538,2054,ULSD,15477.87000000001,2054,3204.3,110968.1,107763.8
539,2055,ULSD,14129.29000000001,2055,452.7,105159.8,104707.1
540,2056,ULSD,21249.919999999984,2056,1134.1,174172.7,173038.6
541,2057,ULSD,15456.569999999992,2057,1752.5,110936.0,109183.5
542,2058,ULSD,15316.240000000002,2058,993.7,115141.2,114147.5
543,2059,ULSD,17518.360000000004,2059,838.7,124561.4,123722.7
544,2060,ULSD,16175.470000000005,2060,3171.0,110813.0,107642.0
545,2061,ULSD,13493.209999999997,2061,2814.8,616209.5,613394.7
546,2062,ULSD,13153.799999999996,2062,0.0,98338.9,98338.9
547,2063,ULSD,13183.719999999996,2063,453.8,99560.5,99106.7
548,2064,ULSD,13210.74,2064,0.0,90663.8,90663.8
549,2065,ULSD,12482.380000000003,2065,0.0,91931.2,91931.2
550,2066,ULSD,11781.04,2066,17.7,139835.9,139818.19999999998
551,2067,ULSD,13437.67,2067,518.8,101385.3,100866.5
552,2068,ULSD,11969.6,2068,2352.7,93595.9,91243.2
553,2069,ULSD,12003.81,2069,4301.5,84611.4,80309.9
554,2070,ULSD,9818.1,2070,3283.9,75606.5,72322.6
555,2071,ULSD,12591.869999999999,2071,3808.5,101969.4,98160.9
556,2072,ULSD,9140.889999999998,2072,12064.3,73590.1,61525.8
557,2073,ULSD,8298.249999999998,2073,1687.3,59831.2,58143.899999999994
558,2074,ULSD,11135.389999999996,2074,372.7,77677.6,77304.90000000001
559,2075,ULSD,8823.249999999996,2075,17901.0,69062.6,51161.600000000006
560,2076,ULSD,10041.440000000002,2076,125.6,72235.2,72109.59999999999
561,2077,ULSD,6645.2800000000025,2077,449.1,53393.5,52944.4
562,2078,ULSD,7623.03,2078,16.0,53857.5,53841.5
563,2079,ULSD,7501.299999999998,2079,16.7,54774.0,54757.3
564,2080,ULSD,4853.530000000001,2080,15.5,39755.1,39739.6
565,2081,ULSD,8012.540000000005,2081,105.7,57216.5,57110.8
566,2082,ULSD,7476.170000000004,2082,470.6,53887.0,53416.4
567,2083,ULSD,5538.83,2083,447.4,43415.4,42968.0
568,2084,ULSD,7639.889999999999,2084,15.0,57013.3,56998.3
569,2085,ULSD,7156.32,2085,0.0,53501.5,53501.5
570,2086,ULSD,7216.069999999999,2086,44.0,53825.0,53781.0
571,2087,ULSD,4743.550000000001,2087,15.6,33502.9,33487.3
572,2088,ULSD,5525.1399999999985,2088,756.9,42025.0,41268.1
573,2089,ULSD,6858.8200000000015,2089,16.0,48448.3,48432.3
574,2090,ULSD,5582.05,2090,6499.6,47928.9,41429.3
575,2091,ULSD,6027.56,2091,481.5,441196.5,440715.0
576,2092,ULSD,5736.72,2092,16.5,39320.5,39304.0
577,2093,ULSD,5941.07,2093,52.1,42626.2,42574.1
578,2094,ULSD,6320.400000000003,2094,466.9,44719.2,44252.299999999996
579,2095,ULSD,6002.109999999999,2095,18.4,46119.2,46100.799999999996
580,2096,ULSD,6504.440000000006,2096,1223.0,45105.9,43882.9
581,2097,ULSD,4589.37,2097,4556.3,35443.4,30887.100000000002
582,2098,ULSD,5028.93,2098,3210.9,37528.6,34317.7
583,2099,ULSD,3471.7099999999996,2099,0.0,26146.6,26146.6
584,2100,ULSD,3520.8499999999985,2100,23.7,26055.6,26031.899999999998
585,2101,ULSD,4872.209999999999,2101,64.9,34527.8,34462.9
586,2102,ULSD,5109.380000000001,2102,13.0,36985.6,36972.6
587,2103,ULSD,4896.92,2103,444.2,35705.2,35261.0
588,2104,ULSD,3461.55,2104,452.8,25626.2,25173.4
589,2105,ULSD,4713.52,2105,14.0,131687.1,131673.1
590,2106,ULSD,4495.53,2106,3807.7,34511.6,30703.899999999998
591,2107,ULSD,4135.38,2107,337.4,30783.2,30445.8
592,2108,ULSD,3937.17,2108,1367.3,29931.1,28563.8
593,2109,ULSD,4556.54,2109,3436.3,31922.4,28486.100000000002
594,2110,ULSD,4568.38,2110,16.3,32934.4,32918.1
595,2111,ULSD,4672.670000000001,2111,3992.0,33659.6,29667.6
596,2112,ULSD,3525.2299999999996,2112,558.9,26134.3,25575.399999999998
597,2113,ULSD,4436.550000000002,2113,445.5,31402.0,30956.5
598,2114,ULSD,3598.9500000000003,2114,445.6,558037.8,557592.2000000001
599,2115,ULSD,4018.3500000000004,2115,444.6,30084.2,29639.600000000002
600,2116,ULSD,4066.9200000000005,2116,444.9,27535.1,27090.199999999997
601,2117,ULSD,2970.49,2117,451.0,22659.7,22208.7
602,2118,ULSD,3508.8999999999996,2118,456.4,25078.2,24621.8
603,2119,ULSD,3743.7900000000004,2119,447.1,27651.1,27204.0
604,2120,ULSD,3572.4700000000007,2120,14.7,459885.9,459871.2
605,2121,ULSD,2743.9,2121,459.3,19079.0,18619.7
606,2122,ULSD,3249.979999999999,2122,440.5,19797.1,19356.6
607,2123,ULSD,2511.1200000000003,,,,
608,2124,ULSD,2872.6200000000003,2124,440.8,20536.6,20095.8
609,2125,ULSD,4203.900000000001,2125,445.0,28428.5,27983.5
610,2126,ULSD,3349.55,2126,453.9,23743.8,23289.899999999998
611,2127,ULSD,4672.340000000001,2127,924.4,32051.1,31126.699999999997
612,2128,ULSD,3952.379999999999,2128,672.8,28868.7,28195.9
613,2129,ULSD,3193.74,2129,439.8,23920.8,23481.0
614,2130,ULSD,4822.920000000002,2130,728.3,532421.4,531693.1
615,2131,ULSD,4356.28,2131,950.7,32549.0,31598.3
616,2132,ULSD,3983.2699999999995,,,,
617,2133,ULSD,4486.210000000002,2133,3317.3,434324.6,431007.3
618,2134,ULSD,3590.1200000000017,2134,0.0,20674.2,20674.2
619,2135,ULSD,4690.079999999999,2135,4161.8,32459.5,28297.7
620,2136,ULSD,3689.7400000000002,2136,2300.3,25026.9,22726.600000000002
621,2137,ULSD,3397.07,2137,5756.7,23094.5,17337.8
622,2138,ULSD,4621.34,2138,12760.3,32110.6,19350.3
623,2139,ULSD,2736.91,2139,6808.4,22207.8,15399.4
624,2140,ULSD,5104.719999999999,2140,14219.1,587105.6,572886.5
625,2141,ULSD,3294.8300000000004,2141,1893.3,24463.4,22570.100000000002
626,2142,ULSD,3651.5299999999997,2142,7557.6,26014.5,18456.9
627,2143,ULSD,3043.3300000000004,2143,57.5,21928.0,21870.5
628,2144,ULSD,4193.6900000000005,2144,23015.0,29730.6,6715.5999999999985
629,2145,ULSD,2806.0200000000004,2145,7680.4,18959.9,11279.500000000002
630,2146,ULSD,3140.82,2146,5685.9,22642.1,16956.199999999997
631,2147,ULSD,1676.05,,,,
632,2148,ULSD,1122.1000000000001,,,,
633,2149,ULSD,722.72,,,,
634,2150,ULSD,1387.6499999999999,2150,1262.5,9523.8,8261.3
635,2151,ULSD,579.23,,,,
636,2152,ULSD,1119.0,2152,0.0,8798.8,8798.8
637,2153,ULSD,1392.56,,,,
638,2154,ULSD,735.0300000000001,,,,
639,2155,ULSD,739.1199999999999,,,,
640,2156,ULSD,936.93,,,,
641,243,ULSD,4718.070000000001,243,92478.1,138667.3,46189.19999999998
642,245,ULSD,533.65,245,504221.7,565465.0,61243.29999999999
643,301,ULSD,5187.620000000002,301,342355.5,352014.6,9659.099999999977
644,302,ULSD,6583.199999999999,302,244162.7,281027.2,36864.5
645,303,ULSD,9519.359999999999,303,231775.7,243508.7,11733.0
646,304,ULSD,18173.349999999988,304,181312.8,306788.3,125475.5
647,305,ULSD,6522.09,305,227952.9,264257.9,36305.00000000003
648,306,ULSD,8156.700000000001,306,234021.3,284361.0,50339.70000000001
649,307,ULSD,19859.93,307,150530.6,292574.8,142044.19999999998
650,308,ULSD,21419.850000000017,308,253439.1,389428.4,135989.30000000002
651,309,ULSD,8107.7400000000025,309,0.0,229102.4,229102.4
652,310,ULSD,6471.16,310,191409.1,260908.7,69499.6
653,5555,ULSD,1941.5,,,,
654,7777,ULSD,530.58,,,,
655,9927,ULSD,475.36,,,,
656,OFFICE,ULSD,2119.84,,,,
