,TRNUNT,TRNPI1,TRNPQ1,EquipmentID,min_odo,max_odo,mean_odo,min_mean_variance,max_mean_variance,variance_of_variances,odo_change,Count
0,,ULSD,2887.0200000000004,,,,,,,,,
1,1520,ULSD,2767.74,1520,511876.7,587759.8,579195.2801630445,8564.519836955587,67318.58016304445,58754.06032608886,75883.10000000003,1840.0
2,1521,ULSD,4406.219999999998,1521,457.7,612074.6,597987.7765498636,14086.823450136348,597530.0765498637,583443.2530997273,611616.9,2597.0
3,1522,ULSD,3662.87,1522,206524.5,226182.2,216859.0326331586,9323.1673668414,10334.532633158611,1011.3652663172106,19657.70000000001,2666.0
4,1523,ULSD,1909.9099999999999,1523,552332.1,563615.1,553378.1830303026,10236.91696969734,1046.0830303026596,-9190.83393939468,11283.0,165.0
5,1524,ULSD,3912.9799999999996,1524,492407.9,517765.3,504734.8421868456,13030.457813154382,12326.942186845583,-703.5156263087993,25357.399999999965,2387.0
6,1525,ULSD,427.13,1525,447.2,556613.3,554562.8729695438,2050.4270304562524,554115.6729695438,552065.2459390876,556166.1000000001,788.0
7,1526,ULSD,1942.9899999999998,1526,576860.3,590814.4,584408.3584824189,6406.041517581092,7548.0584824188845,1142.0169648377923,13954.099999999977,1621.0
8,1527,ULSD,4736.100000000002,1527,598520.9,629400.4,614199.5058627969,15200.894137203111,15678.605862796889,477.7117255937774,30879.5,3309.0
9,1528,ULSD,5016.94,1528,587206.3,618110.9,602348.7158441526,15762.184155847412,15142.415844152565,-619.7683116948465,30904.599999999977,3465.0
10,1529,ULSD,3879.9899999999993,1529,526439.8,550944.3,538464.0402279024,12480.259772097692,12024.240227902308,-456.0195441953838,24504.5,2896.0
11,1530,ULSD,4086.91,1530,446993.7,573175.2,559273.41696716,13901.783032840001,112279.71696715994,98377.93393431994,126181.49999999994,3106.0
12,1531,ULSD,3349.7999999999993,1531,18.2,480176.9,468523.01409295347,11653.885907046555,468504.81409295346,456850.9281859069,480158.7,2668.0
13,1532,ULSD,2344.21,1532,567877.6,581694.8,575565.3460759461,6129.453924053931,7687.746075946139,1558.2921518922085,13817.20000000007,3160.0
14,1533,ULSD,2064.35,1533,125802.9,563717.5,555995.4881987587,7722.011801241315,430192.58819875866,422470.57639751735,437914.6,1288.0
15,1534,ULSD,14154.900000000001,1534,478171.4,501430.7,489652.63573987054,11778.064260129468,11481.23573987052,-296.8285202589468,23259.29999999999,3629.0
16,1535,ULSD,5193.02,1535,575337.7,610150.2,592040.1014925368,18110.098507463117,16702.401492536883,-1407.6970149262343,34812.5,3752.0
17,1536,ULSD,2378.87,1536,600940.9,616209.5,610544.1903826275,5665.3096173724625,9603.290382627514,3937.9807652550517,15268.599999999977,1934.0
18,1537,ULSD,1074.61,1537,446.6,560601.8,557413.5343700582,3188.2656299418304,556966.9343700582,553778.6687401164,560155.2000000001,1897.0
19,1538,ULSD,705.87,,,,,,,,,
20,1539,ULSD,2492.74,1539,91634.8,586103.0,576922.6956400413,9180.30435995874,485287.8956400413,476107.59128008253,494468.2,2867.0
21,1540,ULSD,3989.02,1540,592017.1,618111.6,604974.4459384532,13137.154061546782,12957.345938453218,-179.80812309356406,26094.5,3607.0
22,1541,ULSD,3054.600000000001,1541,537117.4,556623.6,547130.6144230772,9492.985576922772,10013.214423077181,520.2288461544085,19506.199999999953,2392.0
23,1542,ULSD,4152.71,1542,513062.5,539395.8,526867.4114893611,12528.388510638964,13804.911489361082,1276.5229787221178,26333.300000000047,3290.0
24,1543,ULSD,5457.9,1543,449.6,548681.4,531027.295814186,17654.104185814038,530577.695814186,512923.59162837197,548231.8,6092.0
25,1544,ULSD,4361.87,1544,574855.8,603917.1,589555.0973905475,14362.002609452466,14699.297390547465,337.29478109499905,29061.29999999993,3449.0
26,1545,ULSD,4561.51,1545,576231.4,604582.6,591418.0770482273,13164.52295177267,15186.677048227284,2022.1540964546148,28351.199999999953,3442.0
27,1546,ULSD,4187.53,1546,540053.6,566249.4,552983.7027529766,13265.697247023461,12930.102752976585,-335.5944940468762,26195.800000000047,2688.0
28,1547,ULSD,3471.6600000000008,1547,542976.4,566828.2,555461.8145234463,11366.385476553696,12485.414523446234,1119.0290468925377,23851.79999999993,3305.0
29,1548,ULSD,1031.73,1548,447.2,542438.3,538234.6059990076,4203.694000992458,537787.4059990076,533583.7119980152,541991.1000000001,2017.0
30,1549,ULSD,3236.3900000000003,1549,565549.2,585928.2,575881.819666109,10046.380333890906,10332.619666109094,286.2393322181888,20379.0,2995.0
31,1550,ULSD,7356.609999999997,1550,486975.9,539659.1,505140.7077315156,34518.3922684844,18164.807731515553,-16353.584536968847,52683.19999999995,3531.0
32,1551,ULSD,12079.200000000003,1551,72056.3,581044.2,543572.2693893234,37471.93061067653,471515.96938932344,434044.0387786469,508987.89999999997,9121.0
33,1552,ULSD,9104.810000000001,1552,510184.7,567565.9,541127.3300512163,26438.569948783726,30942.630051216285,4504.060102432559,57381.20000000001,8592.0
34,1554,ULSD,5198.23,1554,143632.2,563020.0,541080.2865487138,21939.713451286196,397448.0865487138,375508.3730974276,419387.8,4126.0
35,1555,ULSD,8717.69,1555,477812.8,540178.4,496586.73809374025,43591.661906259775,18773.93809374026,-24817.723812519514,62365.600000000035,9579.0
36,1556,ULSD,10477.299999999997,1556,498167.1,564552.7,533229.7343383346,31322.96566166531,35062.63433833467,3739.66867666936,66385.59999999998,7927.0
37,1557,ULSD,6646.339999999998,1557,82412.6,549173.4,530289.2176175779,18884.18238242215,447876.6176175779,428992.43523515575,466760.80000000005,5188.0
38,1558,ULSD,11725.960000000001,1558,15.8,505251.2,464903.6451661793,40347.55483382073,464887.8451661793,424540.29033235856,505235.4,10561.0
39,1559,ULSD,15244.250000000007,1559,505629.3,607715.9,559718.0479704218,47997.85202957818,54088.74797042186,6090.8959408436785,102086.60000000003,12983.0
40,1560,ULSD,14149.410000000005,1560,452.3,582178.7,538104.5495157826,44074.15048421733,537652.2495157826,493578.09903156525,581726.3999999999,11978.0
41,1561,ULSD,10612.150000000003,1561,15.0,562495.0,531320.3919520315,31174.608047968475,531305.3919520315,500130.78390406305,562480.0,8089.0
42,1562,ULSD,11686.570000000002,1562,518796.9,594146.0,558249.1272803517,35896.872719648294,39452.22728035168,3555.3545607033884,75349.09999999998,8343.0
43,1563,ULSD,6615.580000000001,1563,364114.1,499325.4,395424.6373149764,103900.7626850236,31310.53731497645,-72590.22537004715,135211.30000000005,9661.0
44,1564,ULSD,5698.209999999999,1564,139835.9,531260.9,513755.9274430878,17504.972556912224,373920.0274430878,356415.05488617555,391425.0,7204.0
45,1565,ULSD,14866.070000000003,1565,16.9,599301.4,558824.0042340962,40477.39576590387,558807.1042340961,518329.70846819226,599284.5,12423.0
46,1566,ULSD,8098.619999999998,1566,508332.1,558037.8,529547.9943682874,28489.80563171266,21215.89436828741,-7273.911263425252,49705.70000000007,8097.0
47,1567,ULSD,14222.890000000018,1567,12.9,572417.4,520043.71602104855,52373.68397895148,520030.8160210485,467657.13204209704,572404.5,11591.0
48,1568,ULSD,13068.349999999995,1568,14.8,592019.6,552705.2375591677,39314.36244083231,552690.4375591676,513376.0751183353,592004.7999999999,10775.0
49,1569,ULSD,4722.539999999999,1569,517996.2,527936.1,523240.98471380485,4695.115286195127,5244.784713804838,549.6694276097114,9939.899999999965,1485.0
50,1570,ULSD,10341.349999999999,1570,131687.1,554954.1,520853.5076941292,34100.592305870785,389166.40769412916,355065.8153882584,423267.0,8461.0
51,1571,ULSD,11204.63,1571,552317.2,632573.3,602008.1261878526,30565.173812147463,49690.92618785263,19125.752375705168,80256.1000000001,9997.0
52,1572,ULSD,13525.939999999997,1572,13.7,599044.8,554493.1107932072,44551.68920679286,554479.4107932072,509927.7215864144,599031.1000000001,10136.0
53,1573,ULSD,7174.74,1573,487717.0,544249.7,509385.2309132385,34864.46908676147,21668.230913238483,-13196.238173522986,56532.69999999995,3953.0
54,1574,ULSD,14575.329999999994,1574,245926.3,574380.4,517322.35405221704,57058.045947782986,271396.05405221705,214338.00810443406,328454.10000000003,11759.0
55,1575,ULSD,10996.740000000002,1575,16.2,559991.0,526385.1601383162,33605.83986168378,526368.9601383163,492763.1202766325,559974.8,9977.0
56,1576,ULSD,17828.65,1576,202044.5,600194.9,547146.922612493,53047.97738750698,345102.42261249304,292054.44522498606,398150.4,13068.0
57,1577,ULSD,5127.7300000000005,1577,16.0,479644.6,461962.0758562015,17682.52414379845,461946.0758562015,444263.5517124031,479628.6,12935.0
58,1578,ULSD,12291.26,1578,478738.0,557640.8,513805.1000437512,43835.69995624886,35067.10004375118,-8768.59991249768,78902.80000000005,11428.0
59,1579,ULSD,9367.529999999999,1579,13.6,524684.1,493379.34087865514,31304.759121344832,493365.74087865517,462060.98175731034,524670.5,8513.0
60,1580,ULSD,12566.039999999995,1580,456.0,579221.3,537795.6893664065,41425.61063359352,537339.6893664065,495914.078732813,578765.3,10401.0
61,1581,ULSD,13528.620000000004,1581,451399.8,536804.6,494868.6457168418,41935.95428315818,43468.84571684181,1532.8914336836315,85404.79999999999,12304.0
62,1582,ULSD,6289.719999999999,1582,445.1,534213.1,509348.69708394253,24864.402916057443,508903.59708394256,484039.1941678851,533768.0,3395.0
63,1583,ULSD,6758.209999999998,1583,480149.5,532421.4,489360.32175239804,43061.07824760198,9210.821752398042,-33850.25649520394,52271.90000000002,2294.0
64,1584,ULSD,11021.570000000002,1584,443.9,570049.7,530428.7975042302,39620.902495769784,529984.8975042301,490363.99500846036,569605.7999999999,9456.0
65,1585,ULSD,11209.550000000007,1585,143853.9,587105.6,546437.3876100734,40668.21238992654,402583.4876100734,361915.27522014687,443251.69999999995,9653.0
66,1586,ULSD,12365.26,1586,196382.6,574355.3,536871.5976551452,37483.70234485483,340488.99765514524,303005.2953102904,377972.70000000007,13391.0
67,1587,ULSD,10885.93000000001,1587,459.5,590925.0,557134.1553667419,33790.844633258064,556674.6553667419,522883.8107334839,590465.5,9298.0
68,1588,ULSD,13651.850000000002,1588,440.5,530434.6,485804.9976545672,44629.602345432795,485364.4976545672,440734.8953091344,529994.1,11597.0
69,1589,ULSD,13644.059999999996,1589,457.8,573477.2,529424.660324085,44052.539675914915,528966.860324085,484914.3206481701,573019.3999999999,14379.0
70,1590,ULSD,15866.479999999994,1590,450.7,553460.0,503770.75757646555,49689.24242353445,503320.05757646554,453630.8151529311,553009.3,12849.0
71,1591,ULSD,7920.640000000001,1591,56150.6,536319.9,511807.67735848424,24512.22264151578,455657.07735848427,431144.8547169685,480169.30000000005,9593.0
72,1592,ULSD,11213.010000000002,1592,545.2,531158.9,500694.8078500282,30464.09214997181,500149.6078500282,469685.5157000564,530613.7000000001,10535.0
73,1593,ULSD,14351.140000000003,1593,441415.7,531350.1,490584.6669280854,40765.433071914595,49168.96692808537,8403.533856170776,89934.39999999997,10583.0
74,1594,ULSD,12939.99,1594,439.4,589256.8,554870.9642184885,34385.8357815115,554431.5642184885,520045.728436977,588817.4,10307.0
75,1595,ULSD,17548.420000000006,1595,495096.1,600132.4,547428.325325301,52704.07467469899,52332.22532530106,-371.8493493979331,105036.30000000005,14602.0
76,1596,ULSD,18680.99,1596,443.9,597665.6,540216.0211663232,57449.57883367676,539772.1211663232,482322.54233264644,597221.7,12638.0
77,1597,ULSD,17188.870000000003,1597,444.8,616982.4,566692.8311533377,50289.568846662296,566248.0311533377,515958.4623066754,616537.6,14419.0
78,1598,ULSD,15306.520000000006,1598,41187.1,571770.8,528424.1721536953,43346.62784630479,487237.0721536953,443890.4443073905,530583.7000000001,12727.0
79,1599,ULSD,17437.309999999998,1599,453.7,563537.2,509262.0539722815,54275.14602771844,508808.3539722815,454533.20794456307,563083.5,11832.0
80,1600,ULSD,15414.729999999996,1600,435611.4,531120.4,484586.76040685416,46533.63959314587,48975.36040685413,2441.7208137082634,95509.0,12732.0
81,1601,ULSD,16358.050000000001,1601,457.9,634751.2,585892.5849575152,48858.615042484715,585434.6849575152,536576.0699150305,634293.2999999999,12006.0
82,1602,ULSD,16637.279999999995,1602,14.6,553195.8,504874.0064380436,48321.79356195644,504859.40643804363,456537.6128760872,553181.2000000001,16154.0
83,1603,ULSD,16133.160000000009,1603,446.2,600393.8,554462.6858575058,45931.114142494276,554016.4858575058,508085.37171501154,599947.6000000001,11271.0
84,1604,ULSD,16303.299999999994,1604,463.4,604590.3,556007.6780340858,48582.621965914266,555544.2780340858,506961.6560681715,604126.9,12615.0
85,1605,ULSD,19849.680000000008,1605,14.9,579900.2,512604.52146190713,67295.67853809282,512589.6214619071,445293.9429238143,579885.2999999999,13927.0
86,1606,ULSD,17595.820000000014,1606,22.1,602763.9,541495.7298749113,61268.17012508877,541473.6298749113,480205.4597498225,602741.8,17426.0
87,1607,ULSD,15443.030000000002,1607,13.5,637546.1,592190.1320020801,45355.967997919885,592176.6320020801,546820.6640041602,637532.6,15399.0
88,1608,ULSD,17573.5,1608,502.8,590632.9,530964.9124158445,59667.98758415552,530462.1124158445,470794.12483168894,590130.1,15150.0
89,1609,ULSD,15636.890000000001,1609,15.7,607842.2,554958.9944083305,52883.20559166942,554943.2944083306,502060.08881666115,607826.5,15684.0
90,1610,ULSD,16599.39000000002,1610,453937.3,567869.6,507981.00844537205,59888.59155462793,54043.70844537206,-5844.8831092558685,113932.29999999999,12421.0
91,1611,ULSD,13657.31999999999,1611,183395.5,519457.8,475618.1985809649,43839.60141903511,292222.6985809649,248383.09716192976,336062.3,10641.0
92,1612,ULSD,15317.400000000021,1612,489217.3,612465.8,549322.484862845,63143.315137155005,60105.18486284505,-3038.1302743099513,123248.50000000006,14983.0
93,1613,ULSD,15642.749999999995,1613,481.7,575147.2,526277.2214431296,48869.97855687037,525795.5214431296,476925.54288625927,574665.5,14233.0
94,1614,ULSD,14961.780000000006,1614,462963.5,570791.8,514344.5068901745,56447.29310982552,51381.006890174525,-5066.286219650996,107828.30000000005,14049.0
95,1615,ULSD,13374.690000000002,1615,434582.0,529497.8,484493.07806073315,45004.72193926689,49911.078060733154,4906.356121466262,94915.80000000005,12644.0
96,1616,ULSD,11651.970000000005,1616,466571.5,552379.9,508874.7645014461,43505.13549855392,42303.2645014461,-1201.8709971078206,85808.40000000002,9668.0
97,1617,ULSD,19011.15999999999,1617,467600.9,591628.5,524536.0954553983,67092.40454460168,56935.195455398294,-10157.209089203388,124027.59999999998,15953.0
98,1618,ULSD,19253.03999999998,1618,78674.0,572320.4,504027.45894984744,68292.94105015259,425353.45894984744,357060.51789969485,493646.4,17883.0
99,1619,ULSD,16236.460000000003,1619,484961.5,590744.7,536277.7815465779,54466.918453422026,51316.28154657793,-3150.636906844098,105783.19999999995,16902.0
100,1620,ULSD,18354.669999999995,1620,11.6,577262.4,518371.0459520358,58891.35404796421,518359.44595203584,459468.0919040716,577250.8,11549.0
101,1621,ULSD,15648.760000000006,1621,468479.1,575708.8,521776.878865897,53931.92113410303,53297.77886589704,-634.1422682059929,107229.70000000007,12856.0
102,1622,ULSD,5952.91,1622,516759.2,526931.8,521581.06357758574,5350.736422414309,4821.863577585726,-528.8728448285838,10172.600000000035,928.0
103,1623,ULSD,16796.309999999994,1623,13.5,578057.4,520189.6466522163,57867.7533477837,520176.1466522163,462308.3933044326,578043.9,13845.0
104,1624,ULSD,13208.070000000002,1624,478635.6,583455.3,533887.1388345255,49568.161165474565,55251.538834525505,5683.37766905094,104819.70000000007,11549.0
105,1625,ULSD,18852.63,1625,469015.9,594012.6,532727.0348826718,61285.565117328195,63711.13488267176,2425.5697653435636,124996.69999999995,15383.0
106,1626,ULSD,18168.890000000007,1626,6291.6,602611.5,538306.321026619,64305.17897338094,532014.7210266191,467709.54205323814,596319.9,12546.0
107,1627,ULSD,16814.21,1627,454627.7,564858.3,516115.45422976464,48742.845770235406,61487.75422976463,12744.908459529222,110230.60000000003,12613.0
108,1628,ULSD,20493.85000000001,1628,450671.9,588288.4,522861.44982424914,65426.950175750884,72189.54982424912,6762.5996484982315,137616.5,17638.0
109,1629,ULSD,13534.440000000002,1629,406017.3,513338.4,457270.83231982886,56067.56768017117,51253.53231982887,-4814.035360342299,107321.10000000003,9505.0
110,1630,ULSD,17963.410000000007,1630,436246.0,561726.2,503505.22577506455,58220.9742249354,67259.22577506455,9038.25155012915,125480.19999999995,16547.0
111,1631,ULSD,14423.770000000008,1631,441225.0,541460.9,494913.73541508435,46547.16458491568,53688.735415084346,7141.570830168668,100235.90000000002,11865.0
112,1632,ULSD,18049.050000000014,1632,424280.4,545368.7,486937.6619954511,58431.03800454887,62657.26199545106,4226.223990902188,121088.29999999993,14493.0
113,1633,ULSD,17165.319999999992,1633,442258.8,558260.2,506969.3450348918,51290.854965108156,64710.54503489181,13419.690069783654,116001.39999999997,15901.0
114,1634,ULSD,18812.87,1634,436.3,570651.8,517987.1859245753,52664.61407542473,517550.8859245753,464886.2718491506,570215.5,17186.0
115,1635,ULSD,13053.240000000013,1635,20238.7,545606.9,498809.4527438993,46797.44725610071,478570.7527438993,431773.3054877986,525368.2000000001,12792.0
116,1636,ULSD,18142.37,1636,492467.3,617898.6,554909.0262793108,62989.573720689164,62441.726279310824,-547.8474413783406,125431.29999999999,13562.0
117,1637,ULSD,14643.35,1637,428578.7,524449.6,488349.3288267993,36100.27117320069,59770.62882679928,23670.357653598592,95870.89999999997,15104.0
118,1638,ULSD,17267.620000000003,1638,462853.2,586438.6,524749.7005981129,61688.89940188709,61896.50059811288,207.60119622579077,123585.39999999997,13877.0
119,1639,ULSD,20028.06000000001,1639,454447.2,585307.2,521996.6302035075,63310.56979649246,67549.43020350748,4238.860407015018,130859.99999999994,19213.0
120,1640,ULSD,17055.110000000004,1640,415298.1,530483.1,474563.62588521116,55919.47411478881,59265.52588521119,3346.051770422375,115185.0,15279.0
121,1641,ULSD,14031.199999999999,1641,424852.7,517843.7,475236.0502675368,42607.64973246324,50383.35026753676,7775.700535073527,92991.0,13456.0
122,1642,ULSD,20187.519999999997,1642,460543.3,593749.7,528228.1164530178,65521.58354698215,67684.81645301782,2163.2329060356715,133206.39999999997,15213.0
123,1643,ULSD,11573.949999999999,1643,453959.5,530885.4,489085.1319106284,41800.26808937162,35125.631910628406,-6674.636178743211,76925.90000000002,12488.0
124,1644,ULSD,14560.909999999993,1644,379493.8,476765.4,431573.2782703895,45192.121729610546,52079.47827038949,6887.356540778943,97271.60000000003,14616.0
125,1645,ULSD,21205.659999999996,1645,16.4,603582.6,532306.1692675806,71276.43073241937,532289.7692675806,461013.3385351612,603566.2,19852.0
126,1646,ULSD,17895.630000000005,1646,486942.9,609116.4,547464.9309332587,61651.469066741294,60522.030933258706,-1129.4381334825885,122173.5,16555.0
127,1647,ULSD,18479.030000000002,1647,426739.6,553565.2,491894.4423348781,61670.75766512187,65154.84233487811,3484.0846697562374,126825.59999999998,14005.0
128,1648,ULSD,21142.08000000001,1648,428145.5,577815.7,504784.04068038,73031.65931961994,76638.54068038001,3606.881360760075,149670.19999999995,14051.0
129,1649,ULSD,19975.550000000003,1649,432847.7,564242.7,500473.46219493874,63769.23780506122,67625.76219493872,3856.524389877508,131394.99999999994,13358.0
130,1650,ULSD,13006.560000000001,1650,449808.6,536756.2,499604.7973470849,37151.40265291504,49796.19734708493,12644.79469416989,86947.59999999998,12703.0
131,1651,ULSD,19338.819999999996,1651,460964.2,596615.9,527765.5145033505,68850.38549664954,66801.31450335047,-2049.070993299072,135651.7,18051.0
132,1652,ULSD,19285.509999999987,1652,428031.6,557053.4,499263.9546612023,57789.4453387977,71232.35466120235,13442.909322404652,129021.80000000005,16101.0
133,1653,ULSD,19295.13,1653,391874.8,523114.4,458348.7826758064,64765.61732419365,66473.98267580639,1708.3653516127379,131239.60000000003,13865.0
134,1654,ULSD,17035.940000000002,1654,455711.4,572367.2,519083.32197176624,53283.87802823371,63371.92197176622,10088.04394353251,116655.79999999993,13531.0
135,1655,ULSD,20142.3,1655,60480.3,616848.4,547557.7574608654,69290.6425391346,487077.45746086544,417786.81492173084,556368.1,15139.0
136,1656,ULSD,19469.78999999999,1656,431725.8,554336.2,499575.24034204613,54760.95965795382,67849.44034204615,13088.480684092327,122610.39999999997,19528.0
137,1657,ULSD,19053.420000000006,1657,205743.6,561136.7,496252.3808931051,64884.319106894836,290508.7808931051,225624.46178621025,355393.1,17355.0
138,1658,ULSD,19706.179999999993,1658,407278.3,539956.6,476617.38015226193,63339.219847738044,69339.08015226194,5999.8603045239,132678.3,16944.0
139,1659,ULSD,20127.64000000001,1659,424315.2,566212.8,487884.792276778,78328.00772322202,63569.592276778014,-14758.415446444007,141897.60000000003,17169.0
140,1660,ULSD,13399.129999999997,1660,399052.0,500507.9,448653.903026665,51853.996973335044,49601.90302666498,-2252.0939466700656,101455.90000000002,11663.0
141,1661,ULSD,8313.039999999997,1661,444620.8,506645.0,484716.6684388243,21928.3315611757,40095.86843882431,18167.536877648614,62024.20000000001,5925.0
142,1662,ULSD,18989.36000000001,1662,434461.5,564283.6,505686.5752160143,58597.02478398569,71225.07521601429,12628.050432028598,129822.09999999998,14816.0
143,1663,ULSD,12357.400000000003,1663,434964.9,519415.8,480022.9398749286,39392.86012507137,45058.039874928596,5665.179749857227,84450.89999999997,10074.0
144,1664,ULSD,20475.770000000008,1664,373860.5,861003.9,439273.8904300467,421730.0095699533,65413.39043004671,-356316.6191399066,487143.4,16510.0
145,1665,ULSD,19515.07000000001,1665,366902.2,503309.3,441107.81447188475,62201.48552811524,74205.61447188474,12004.128943769494,136407.09999999998,16114.0
146,1666,ULSD,21888.61999999999,1666,40947.9,501809.2,425545.80207088095,76263.39792911906,384597.9020708809,308334.50414176186,460861.3,23082.0
147,1667,ULSD,22546.1,1667,407353.3,557522.1,475946.1198398822,81575.98016011779,68592.8198398822,-12983.160320235591,150168.8,15988.0
148,1668,ULSD,17272.6,1668,459356.0,577446.3,524228.7758407032,53217.52415929682,64872.77584070322,11655.2516814064,118090.30000000005,14690.0
149,1669,ULSD,22134.699999999997,1669,404516.6,556574.1,483623.4893208988,72950.6106791012,79106.8893208988,6156.278641797602,152057.5,18981.0
150,1670,ULSD,17669.18,1670,429837.9,551787.0,489515.85501570115,62271.14498429885,59677.955015701125,-2593.189968597726,121949.09999999998,14325.0
151,1671,ULSD,16479.10000000001,1671,402367.2,510287.0,454107.53246837493,56179.467531625065,51740.33246837492,-4439.135063250142,107919.79999999999,13758.0
152,1672,ULSD,19704.050000000007,1672,354397.2,468818.5,412981.17480336217,55837.32519663783,58583.97480336216,2746.649606724328,114421.29999999999,14875.0
153,1673,ULSD,16121.830000000002,1673,407109.4,512363.6,462756.4861688397,49607.1138311603,55647.086168839654,6039.972337679355,105254.19999999995,15494.0
154,1674,ULSD,18775.089999999997,1674,441435.6,560217.7,505701.6726308672,54516.02736913273,64266.072630867246,9750.045261734514,118782.09999999998,19332.0
155,1675,ULSD,17593.78000000001,1675,403226.0,520788.1,464716.64891338063,56071.451086619345,61490.64891338063,5419.197826761287,117562.09999999998,13160.0
156,1676,ULSD,18109.35,1676,371794.4,493197.2,436524.84089513915,56672.359104860865,64730.44089513912,8058.081790278258,121402.79999999999,14657.0
157,1677,ULSD,20195.72999999999,1677,396857.4,531804.1,464854.4372669793,66949.66273302067,67997.03726697929,1047.3745339586167,134946.69999999995,18346.0
158,1678,ULSD,17674.25,1678,417101.9,535508.2,478619.35859516746,56888.84140483249,61517.45859516744,4628.617190334946,118406.29999999993,14322.0
159,1679,ULSD,17532.65000000001,1679,15106.8,480993.4,426033.16865566024,54960.23134433979,410926.36865566025,355966.13731132046,465886.60000000003,15502.0
160,1680,ULSD,14913.290000000005,1680,395200.6,490900.4,448561.3989942829,42339.001005717146,53360.7989942829,11021.797988565755,95699.80000000005,13821.0
161,1681,ULSD,17357.030000000006,1681,65541.2,473347.7,413748.0033712707,59599.69662872929,348206.8033712707,288607.1067425414,407806.5,16433.0
162,1682,ULSD,15756.030000000006,1682,112198.5,467972.7,418238.6888652891,49734.01113471092,306040.1888652891,256306.17773057817,355774.2,12241.0
163,1683,ULSD,18001.370000000003,1683,374047.2,504651.0,445031.5099399183,59619.490060081705,70984.30993991828,11364.819879836577,130603.79999999999,18974.0
164,1684,ULSD,22275.689999999984,1684,326495.8,483195.0,412710.8931060829,70484.10689391708,86215.09310608293,15730.986212165852,156699.2,20975.0
165,1685,ULSD,15080.720000000008,1685,209003.2,551103.6,405533.39888801705,145570.20111198293,196530.19888801704,50959.99777603411,342100.39999999997,15198.0
166,1686,ULSD,21369.919999999995,1686,346312.2,525752.9,447732.0717629915,78020.82823700854,101419.87176299148,23399.04352598294,179440.7,15122.0
167,1687,ULSD,21787.959999999995,1687,317900.8,467205.4,394338.4458730345,72866.95412696555,76437.64587303449,3570.6917460689438,149304.60000000003,17422.0
168,1688,ULSD,15730.840000000006,1688,360633.2,466494.5,409098.8225430322,57395.677456967824,48465.622543032165,-8930.054913935659,105861.29999999999,17837.0
169,1689,ULSD,19706.839999999997,1689,164750.9,498410.2,432384.64269060787,66025.55730939214,267633.7426906079,201608.18538121576,333659.30000000005,13982.0
170,1690,ULSD,21217.47999999999,1690,371818.9,515839.4,447337.2994197656,68502.10058023443,75518.39941976557,7016.29883953114,144020.5,14994.0
171,1691,ULSD,16500.31000000001,1691,385175.9,499992.1,449161.244148132,50830.85585186799,63985.34414813196,13154.488296263968,114816.19999999995,14474.0
172,1692,ULSD,19454.339999999997,1692,428017.7,559435.8,495894.4796423466,63541.32035765343,67876.7796423466,4335.459284693177,131418.10000000003,16888.0
173,1693,ULSD,21674.11,1693,340043.7,489710.5,415918.0759477398,73792.42405226018,75874.37594773981,2081.9518954796367,149666.8,17146.0
174,1694,ULSD,22917.550000000014,1694,383529.4,536024.2,461668.5776079164,74355.62239208358,78139.17760791635,3783.5552158327773,152494.79999999993,19297.0
175,1695,ULSD,19655.690000000002,1695,357572.0,489134.2,422904.87184191187,66229.32815808814,65332.87184191187,-896.456316176278,131562.2,12373.0
176,1696,ULSD,21934.32999999999,1696,369995.9,514256.1,443718.33009173896,70537.76990826102,73722.43009173893,3184.660183477914,144260.19999999995,16895.0
177,1697,ULSD,22744.870000000024,1697,336965.7,491092.1,412346.52982904983,78745.57017095014,75380.82982904982,-3364.740341900324,154126.39999999997,17198.0
178,1698,ULSD,18749.939999999995,1698,329709.7,462788.8,390431.1066108951,72357.69338910491,60721.406610895065,-11636.286778209847,133079.09999999998,14703.0
179,1699,ULSD,23760.000000000025,1699,338831.8,503529.8,424885.5214294554,78644.27857054461,86053.72142945539,7409.44285891077,164698.0,16216.0
180,1700,ULSD,19955.22000000001,1700,348031.1,478594.3,412496.6001510598,66097.69984894019,64465.50015105982,-1632.1996978803654,130563.20000000001,17212.0
181,1701,ULSD,21808.94,1701,359019.8,504053.9,426402.1807026484,77651.7192973516,67382.38070264843,-10269.338594703178,145034.10000000003,15655.0
182,1702,ULSD,18611.689999999988,1702,345901.2,465158.6,410649.3691129148,54509.2308870852,64748.169112914766,10238.938225829566,119257.39999999997,18341.0
183,1703,ULSD,25057.020000000004,1703,352794.9,521998.6,436712.89772524365,85285.70227475633,83917.99772524362,-1367.7045495127095,169203.69999999995,14551.0
184,1704,ULSD,21306.10999999998,1704,288417.6,428089.7,361556.61103579355,66533.08896420646,73139.01103579358,6605.92207158712,139672.10000000003,19917.0
185,1705,ULSD,18699.66999999999,1705,348324.5,479365.5,418951.02326973807,60414.47673026193,70626.52326973807,10212.046539476141,131041.0,15200.0
186,1706,ULSD,20571.559999999987,1706,323390.3,461969.1,397715.4293562734,64253.6706437266,74325.12935627339,10071.458712546795,138578.8,16855.0
187,1707,ULSD,17827.16000000001,1707,365068.3,488358.7,429342.0332420556,59016.66675794439,64273.733242055634,5257.066484111245,123290.40000000002,16434.0
188,1708,ULSD,19947.79,1708,347668.5,481523.1,414993.9928590491,66529.10714095086,67325.49285904912,796.3857180982595,133854.59999999998,14998.0
189,1709,ULSD,21815.350000000028,1709,387240.9,537774.2,469631.7690045197,68142.43099548027,82390.86900451966,14248.438009039382,150533.29999999993,13531.0
190,1710,ULSD,20155.52999999999,1710,82458.2,498030.0,429017.02972184535,69012.97027815465,346558.82972184534,277545.8594436907,415571.8,16789.0
191,1711,ULSD,19283.320000000007,1711,342948.0,470149.9,414438.53475645994,55711.36524354009,71490.53475645994,15779.169512919849,127201.90000000002,15295.0
192,1712,ULSD,18162.319999999996,1712,360378.8,494200.6,427810.71860568254,66389.88139431743,67431.91860568256,1042.0372113651247,133821.8,15764.0
193,1713,ULSD,21216.54000000001,1713,377577.4,522212.3,450257.2524510601,71955.04754893988,72679.85245106008,724.8049021202023,144634.89999999997,17727.0
194,1714,ULSD,23273.209999999977,1714,378764.1,539615.3,466038.3829041905,73576.91709580953,87274.28290419054,13697.365808381,160851.20000000007,15185.0
195,1715,ULSD,25386.519999999997,1715,341855.3,510611.3,432660.14717659703,77951.15282340295,90804.84717659705,12853.694353194092,168756.0,22278.0
196,1716,ULSD,24093.110000000008,1716,341249.2,507795.2,428339.1596161323,79456.04038386769,87089.95961613231,7633.919232264627,166546.0,15422.0
197,1717,ULSD,22840.440000000002,1717,375930.3,532608.2,458497.26490081224,74110.93509918771,82566.96490081225,8456.029801624536,156677.89999999997,17140.0
198,1718,ULSD,21986.27999999999,1718,358562.2,507734.2,434712.5728343573,73021.62716564268,76150.37283435732,3128.745668714633,149172.0,13922.0
199,1719,ULSD,17964.530000000002,1719,301419.6,421628.6,360020.0887006083,61608.511299391685,58600.488700608315,-3008.022598783369,120209.0,13868.0
200,1720,ULSD,22350.699999999993,1720,339707.3,487844.5,414279.9801823553,73564.51981764467,74572.68018235534,1008.1603647106676,148137.2,11187.0
201,1721,ULSD,16364.380000000025,1721,369049.8,494397.8,440386.5972178845,54011.20278211549,71336.79721788451,17325.594435769017,125348.0,21135.0
202,1722,ULSD,22371.249999999985,1722,325256.9,572745.4,400300.60006612516,172444.79993387486,75043.70006612514,-97401.09986774973,247488.5,13610.0
203,1723,ULSD,20056.529999999984,1723,303334.2,444367.4,379778.8370803783,64588.562919621705,76444.6370803783,11856.074160756601,141033.2,16920.0
204,1724,ULSD,19413.590000000004,1724,306817.7,437275.8,372886.3707546502,64389.42924534978,66068.6707546502,1679.2415093004238,130458.09999999998,14881.0
205,1725,ULSD,25206.759999999984,1725,368006.3,537012.1,451631.2275276656,85380.87247233436,83624.92752766563,-1755.9449446687358,169005.8,17081.0
206,1726,ULSD,22127.48,1726,338570.2,486345.7,417557.20338438964,68788.49661561038,78987.00338438962,10198.506768779247,147775.5,18999.0
207,1727,ULSD,16014.790000000003,1727,305912.2,415629.1,364526.2618762758,51102.838123724156,58614.06187627581,7511.223752551654,109716.89999999997,13708.0
208,1728,ULSD,23879.969999999994,1728,319669.4,474918.8,396081.167424246,78837.63257575396,76411.767424246,-2425.8651515079546,155249.39999999997,15840.0
209,1729,ULSD,22320.82,1729,352824.8,507013.7,430420.38564998534,76593.31435001467,77595.58564998535,1002.2712999706855,154188.90000000002,20216.0
210,1730,ULSD,24635.709999999995,1730,375429.0,545817.1,460085.18565212627,85731.91434787371,84656.18565212627,-1075.7286957474425,170388.09999999998,18386.0
211,1731,ULSD,21609.589999999982,1731,309695.2,456544.2,381643.4009490077,74900.7990509923,71948.2009490077,-2952.598101984593,146849.0,14963.0
212,1732,ULSD,24276.53,1732,370881.3,527532.8,453529.0907428573,74003.70925714273,82647.79074285732,8644.081485714589,156651.50000000006,21054.0
213,1733,ULSD,21980.13000000001,1733,374004.0,525262.9,450850.4123734653,74412.48762653471,76846.41237346531,2433.924746930599,151258.90000000002,17683.0
214,1734,ULSD,24769.179999999993,1734,371945.7,534897.7,452997.7352329204,81899.96476707957,81052.03523292037,-847.9295341591933,162951.99999999994,19899.0
215,1735,ULSD,19974.369999999995,1735,331956.5,468713.6,399016.66264798096,69696.93735201901,67060.16264798096,-2636.774704038049,136757.09999999998,16556.0
216,1736,ULSD,22106.779999999995,1736,324954.9,472730.6,394776.130093629,77954.46990637097,69821.23009362898,-8133.239812741987,147775.69999999995,18798.0
217,1737,ULSD,19950.399999999994,1737,354644.5,459885.9,405407.3803226808,54478.519677319215,50762.88032268081,-3715.639354638406,105241.40000000002,13264.0
218,1738,ULSD,21596.54,1738,314518.7,465024.7,387877.7052965631,77146.99470343691,73359.00529656309,-3787.9894068738213,150506.0,12763.0
219,1739,ULSD,20653.93000000001,1739,347455.6,489311.8,420820.0871917094,68491.71280829061,73364.4871917094,4872.774383418786,141856.2,18043.0
220,1740,ULSD,16186.050000000016,1740,329486.0,442235.6,387446.6903533741,54788.90964662586,57960.69035337411,3171.78070674825,112749.59999999998,12989.0
221,1741,ULSD,20550.300000000014,1741,270931.7,546736.6,339858.0209812889,206878.57901871105,68926.32098128891,-137952.25803742214,275804.89999999997,18812.0
222,1742,ULSD,14760.150000000003,1742,222477.2,322693.0,268721.073979619,53971.92602038098,46243.873979619006,-7728.052040761977,100215.79999999999,18743.0
223,1743,ULSD,20638.37,1743,333325.7,471992.9,407329.00981547084,64663.890184529184,74003.30981547083,9339.419630941644,138667.2,14090.0
224,1744,ULSD,19645.799999999996,1744,323872.3,461035.6,395583.49293905357,65452.10706094641,71711.19293905358,6259.085878107173,137163.3,15522.0
225,1745,ULSD,18021.580000000005,1745,322685.0,445773.4,385069.7071467825,60703.69285321754,62384.707146782486,1681.0142935649492,123088.40000000002,12733.0
226,1746,ULSD,16477.49000000001,1746,293777.0,400407.2,344520.1421164685,55887.057883531495,50743.142116468516,-5143.915767062979,106630.20000000001,14099.0
227,1747,ULSD,22677.65000000001,1747,308600.3,448437.9,377010.50622580625,71427.39377419377,68410.20622580627,-3017.1875483875046,139837.60000000003,12400.0
228,1748,ULSD,21065.680000000008,1748,396913.3,539818.4,469544.62600494304,70273.77399505698,72631.32600494305,2357.5520098860725,142905.10000000003,15797.0
229,1749,ULSD,19045.339999999993,1749,293954.2,419346.5,359275.34556123795,60071.15443876205,65321.145561237936,5249.9911224758835,125392.29999999999,16615.0
230,1750,ULSD,21794.010000000002,1750,296631.1,452311.4,379075.517702774,73235.882297226,82444.41770277405,9208.535405548057,155680.30000000005,17630.0
231,1751,ULSD,20443.910000000003,1751,305402.1,444111.5,378596.9525251881,65514.5474748119,73194.85252518812,7680.305050376221,138709.40000000002,15484.0
232,1752,ULSD,23235.260000000002,1752,322383.9,476127.3,401673.94294310256,74453.35705689742,79290.04294310254,4836.685886205116,153743.39999999997,17118.0
233,1753,ULSD,20860.960000000003,1753,288433.5,429658.1,356173.1744650974,73484.92553490255,67739.67446509743,-5745.251069805119,141224.59999999998,14956.0
234,1754,ULSD,19994.98999999999,1754,299588.1,542963.8,375189.83412527,167773.96587473003,75601.73412527004,-92172.23174945998,243375.70000000007,15279.0
235,1755,ULSD,23224.73000000001,1755,318618.2,471737.9,400217.43654597364,71520.46345402638,81599.23654597363,10078.773091947252,153119.7,13312.0
236,1756,ULSD,15592.420000000004,1756,304503.0,408997.0,358695.92972093663,50301.070279063366,54192.929720936634,3891.859441873268,104494.0,11682.0
237,1757,ULSD,23112.290000000008,1757,365297.2,521313.4,444377.7143666115,76935.68563338852,79080.51436661149,2144.8287332229665,156016.2,14833.0
238,1758,ULSD,19766.960000000006,1758,303622.5,435850.6,372266.0518284241,63584.54817157588,68643.5518284241,5059.003656848217,132228.09999999998,18021.0
239,1759,ULSD,19302.909999999993,1759,319441.5,456778.7,395982.6411304978,60796.058869502216,76541.1411304978,15745.08226099558,137337.2,14843.0
240,1760,ULSD,21438.46999999999,1760,287431.6,432845.0,362894.15161826817,69950.84838173183,75462.55161826819,5511.703236536356,145413.40000000002,14429.0
241,1761,ULSD,20270.13,1761,313254.9,451734.0,385893.9744474614,65840.02555253857,72639.0744474614,6799.048894922831,138479.09999999998,16198.0
242,1762,ULSD,18910.960000000006,1762,325364.7,414901.0,374304.0902610475,40596.90973895253,48939.39026104746,8342.480522094935,89536.29999999999,9960.0
243,1763,ULSD,21930.12000000001,1763,297017.2,444901.9,370936.76289596874,73965.13710403128,73919.56289596873,-45.57420806254959,147884.7,11775.0
244,1764,ULSD,22914.350000000002,1764,317355.0,469829.1,394908.69824463275,74920.40175536723,77553.69824463275,2633.2964892655145,152474.09999999998,16065.0
245,1765,ULSD,17105.060000000012,1765,285756.7,397636.1,345903.3583752582,51732.74162474176,60146.65837525821,8413.916750516451,111879.39999999997,18686.0
246,1766,ULSD,25169.14,1766,73821.8,475846.5,384966.893097315,90879.60690268502,311145.093097315,220265.48619462998,402024.7,18558.0
247,1767,ULSD,22476.40000000001,1767,314820.0,466904.3,395903.15094777534,71001.14905222465,81083.15094777534,10082.001895550697,152084.3,15932.0
248,1768,ULSD,24159.460000000003,1768,300417.4,466588.4,392178.7677068979,74409.6322931021,91761.3677068979,17351.735413795803,166171.0,18874.0
249,1769,ULSD,19653.43000000001,1769,268511.4,404269.0,341544.2504556126,62724.74954438739,73032.85045561258,10308.100911225192,135757.59999999998,18327.0
250,1770,ULSD,18189.02,1770,305563.7,424600.0,371136.8249434931,53463.17505650688,65573.12494349311,12109.94988698623,119036.29999999999,15487.0
251,1771,ULSD,16766.709999999992,1771,12416.1,417030.5,368496.71186936676,48533.78813063324,356080.6118693668,307546.82373873354,404614.4,18097.0
252,1772,ULSD,25530.05999999997,1772,281135.8,449017.7,362234.28787445824,86783.41212554177,81098.48787445825,-5684.924251083517,167881.90000000002,20997.0
253,1773,ULSD,20134.70000000001,1773,272669.1,412170.3,341644.25319953536,70526.04680046462,68975.15319953539,-1550.8936009292374,139501.2,17190.0
254,1774,ULSD,20777.91000000001,1774,288736.9,428207.5,362009.5255283595,66197.97447164048,73272.6255283595,7074.651056719013,139470.59999999998,13769.0
255,1775,ULSD,18236.69000000001,1775,272608.7,399325.9,338550.7201826179,60775.17981738213,65942.02018261788,5166.840365235752,126717.20000000001,11609.0
256,1776,ULSD,21186.71000000001,1776,271055.5,416658.2,350979.85745415644,65678.34254584357,79924.35745415644,14246.014908312878,145602.7,14777.0
257,1777,ULSD,22180.959999999992,1777,260900.8,409096.0,336280.76050330483,72815.23949669517,75379.96050330484,2564.721006609674,148195.2,15895.0
258,1778,ULSD,23820.030000000017,1778,273697.8,433766.4,365555.7177425018,68210.6822574982,91857.91774250183,23647.23548500362,160068.60000000003,17072.0
259,1779,ULSD,22649.11,1779,275055.0,424081.5,353029.3290802928,71052.17091970722,77974.32908029278,6922.158160585561,149026.5,18669.0
260,1780,ULSD,21055.969999999994,1780,279595.0,433338.5,359796.69100070937,73541.80899929063,80201.69100070937,6659.882001418737,153743.5,16968.0
261,1781,ULSD,22905.21,1781,250681.6,409246.6,331779.5269824062,77467.07301759376,81097.9269824062,3630.8539648124424,158564.99999999997,16659.0
262,1782,ULSD,20577.95,1782,232487.6,375372.0,305970.40317963745,69401.59682036255,73482.80317963744,4081.206359274889,142884.4,12926.0
263,1783,ULSD,20592.180000000008,1783,231348.8,378233.9,312222.2192879115,66011.68071208854,80873.4192879115,14861.738575822965,146885.10000000003,14942.0
264,1784,ULSD,24159.07999999999,1784,236582.2,400013.5,318323.2616642307,81690.23833576927,81741.06166423071,50.823328461439814,163431.3,14373.0
265,1785,ULSD,21589.900000000005,1785,231897.5,386066.2,315406.20512903313,70659.99487096688,83508.70512903313,12848.710258066247,154168.7,15500.0
266,1786,ULSD,17628.67,1786,262686.6,384251.2,341411.2776268083,42839.922373191686,78724.67762680835,35884.75525361666,121564.60000000003,19577.0
267,1787,ULSD,23504.719999999998,1787,224306.6,384338.5,306432.3692090808,77906.13079091918,82125.76920908081,4219.63841816163,160031.9,18093.0
268,1788,ULSD,19019.12,1788,233077.8,360412.7,295833.1341752074,64579.565824792604,62755.33417520742,-1824.2316495851846,127334.90000000002,15125.0
269,1789,ULSD,19155.74999999999,1789,782.2,338901.1,277945.3657058141,60955.73429418588,277163.1657058141,216207.4314116282,338118.89999999997,14501.0
270,1790,ULSD,17945.56,1790,184743.2,496805.1,250832.60675341942,245972.49324658056,66089.4067534194,-179883.08649316116,312061.89999999997,12142.0
271,1791,ULSD,19079.06000000002,1791,201416.4,339948.7,270863.1367863972,69085.56321360281,69446.7367863972,361.17357279438875,138532.30000000002,14644.0
272,1792,ULSD,25423.670000000013,1792,241955.1,429997.6,340519.0894844136,89478.51051558636,98563.98948441361,9085.478968827258,188042.49999999997,22072.0
273,1793,ULSD,19851.519999999993,1793,206754.0,345972.7,279373.4962638372,66599.2037361628,72619.49626383721,6020.292527674406,139218.7,17799.0
274,1794,ULSD,18940.07999999999,1794,189573.2,323163.1,261508.53510971574,61654.56489028424,71935.33510971573,10280.770219431492,133589.89999999997,14036.0
275,1795,FUEL,101.48,1795,211987.7,360481.1,283101.80922265764,77379.29077734234,71114.10922265763,-6265.1815546847065,148493.39999999997,16698.0
276,1795,ULSD,20949.069999999996,1795,211987.7,360481.1,283101.80922265764,77379.29077734234,71114.10922265763,-6265.1815546847065,148493.39999999997,16698.0
277,1796,FUEL,167.38,1796,201247.5,332592.2,268928.4192379367,63663.78076206334,67680.91923793667,4017.138475873333,131344.7,17164.0
278,1796,ULSD,18558.440000000006,1796,201247.5,332592.2,268928.4192379367,63663.78076206334,67680.91923793667,4017.138475873333,131344.7,17164.0
279,1797,ULSD,19021.110000000004,1797,195816.4,321201.4,266314.4783438073,54886.921656192746,70498.07834380728,15611.156687614537,125385.00000000003,18766.0
280,1798,ULSD,20091.610000000004,1798,171444.0,311988.2,242307.07671907143,69681.12328092859,70863.07671907143,1181.9534381428384,140544.2,13612.0
281,1799,ULSD,19846.96,1799,180427.9,307717.2,245575.4027464488,62141.79725355122,65147.502746448794,3005.7054928975704,127289.30000000002,19152.0
282,1800,ULSD,20368.78,1800,182751.9,327433.4,254885.4508870355,72547.94911296453,72133.5508870355,-414.3982259290351,144681.50000000003,15332.0
283,1801,ULSD,17925.529999999995,1801,195002.2,323571.0,263356.7478232451,60214.252176754875,68354.54782324511,8140.295646490238,128568.79999999999,12243.0
284,1802,ULSD,21526.890000000014,1802,183026.1,331097.3,258497.1017971025,72600.19820289747,75471.00179710251,2870.8035942050337,148071.19999999998,15525.0
285,1803,ULSD,18896.659999999996,1803,198446.6,328564.9,269126.9419422697,59437.95805773034,70680.34194226968,11242.383884539333,130118.30000000002,17114.0
286,1804,ULSD,20244.630000000016,1804,201071.7,347398.2,275507.56042116287,71890.63957883714,74435.86042116286,2545.2208423257107,146326.5,15291.0
287,1805,ULSD,17460.100000000017,1805,150561.6,273837.8,212988.7313461681,60849.0686538319,62427.131346168084,1578.0626923361851,123276.19999999998,13973.0
288,1806,ULSD,18120.97,1806,176088.7,298907.5,242492.2921234547,56415.20787654529,66403.5921234547,9988.384246909409,122818.79999999999,16492.0
289,1807,ULSD,20019.329999999998,1807,181407.8,318740.6,258512.07396521268,60228.5260347873,77104.27396521269,16875.747930425394,137332.8,14834.0
290,1808,ULSD,23127.56999999999,1808,181974.5,343028.2,265114.3946896768,77913.8053103232,83139.89468967682,5226.089379353623,161053.7,24104.0
291,1809,ULSD,18876.76000000002,1809,137284.1,273527.9,207973.08857767525,65554.81142232477,70688.98857767525,5134.1771553504805,136243.80000000002,19672.0
292,1810,ULSD,22964.619999999984,1810,130462.9,283610.8,203977.42874106189,79633.3712589381,73514.52874106189,-6118.842517876212,153147.9,15664.0
293,1811,ULSD,19097.679999999986,1811,169967.1,303724.4,240808.9764991435,62915.42350085653,70841.87649914349,7926.452998286957,133757.30000000002,13391.0
294,1812,ULSD,19905.160000000007,1812,176949.0,316805.5,250244.4305728038,66561.0694271962,73295.4305728038,6734.361145607603,139856.5,15782.0
295,1813,ULSD,19011.76000000001,1813,159303.8,292483.5,231169.85971028844,61313.64028971156,71866.05971028845,10552.419420576887,133179.7,14428.0
296,1814,ULSD,25074.94,1814,182537.0,356295.4,272418.9008930543,83876.4991069457,89881.90089305432,6005.401786108618,173758.40000000002,22059.0
297,1815,ULSD,20139.260000000002,1815,169135.4,308270.7,240416.43573174143,67854.26426825859,71281.03573174143,3426.7714634828444,139135.30000000002,13912.0
298,1816,ULSD,19911.379999999994,1816,169894.8,307491.9,242598.6738497737,64893.22615022631,72703.87384977372,7810.647699547408,137597.10000000003,16149.0
299,1817,ULSD,19910.71,1817,117170.5,257977.5,185226.394797732,72751.105202268,68055.894797732,-4695.210404535988,140807.0,13571.0
300,1818,ULSD,20756.89999999999,1818,168521.3,312152.0,241538.23679025858,70613.76320974142,73016.9367902586,2403.1735805171775,143630.7,14618.0
301,1819,ULSD,22475.709999999995,1819,186080.7,343851.4,268750.6679495795,75100.73205042054,82669.96794957947,7569.235899158928,157770.7,13407.0
302,1820,ULSD,16036.680000000006,1820,171166.8,285987.7,230790.83177834586,55196.86822165415,59624.031778345874,4427.163556691725,114820.90000000002,10954.0
303,1821,ULSD,21917.539999999994,1821,143883.6,299906.3,228478.9888080163,71427.3111919837,84595.38880801629,13168.077616032591,156022.69999999998,18960.0
304,1822,ULSD,15595.16,1822,89791.4,216049.0,161385.27810771475,54663.72189228525,71593.87810771476,16930.15621542951,126257.6,17175.0
305,1823,ULSD,15295.73,1823,134857.7,245315.8,192685.45445987678,52630.345540123206,57827.75445987677,5197.408919753565,110458.09999999998,12960.0
306,1824,ULSD,22884.000000000007,1824,142407.1,303668.4,225045.92629251923,78622.47370748079,82638.82629251922,4016.352585038432,161261.30000000002,19903.0
307,1825,ULSD,22251.74,1825,155663.4,319098.2,233919.860618158,85178.339381842,78256.46061815802,-6921.878763683984,163434.80000000002,14527.0
308,1826,ULSD,20175.640000000007,1826,141371.9,261081.9,200177.70196150042,60904.19803849957,58805.80196150043,-2098.396076999139,119710.0,10961.0
309,1827,ULSD,15970.540000000006,1827,141835.0,251281.7,197920.61068971633,53361.089310283685,56085.610689716326,2724.521379432641,109446.70000000001,11338.0
310,1828,ULSD,23504.41999999999,1828,124518.3,296567.9,209737.19512903606,86830.70487096396,85218.89512903606,-1611.8097419279075,172049.60000000003,18251.0
311,1829,ULSD,22240.87999999999,1829,128830.2,286769.9,205006.68687950535,81763.21312049468,76176.48687950535,-5586.72624098933,157939.7,15129.0
312,1830,ULSD,24071.339999999993,1830,146598.4,318920.6,234626.06886265244,84294.53113734754,88027.66886265244,3733.1377253048995,172322.19999999998,17365.0
313,1831,ULSD,19703.63000000001,1831,117775.2,256127.2,189271.48097841538,66855.71902158463,71496.28097841538,4640.561956830745,138352.0,14084.0
314,1832,ULSD,17940.290000000005,1832,121650.9,443766.3,188291.2107397433,255475.08926025667,66640.31073974332,-188834.77852051336,322115.4,12626.0
315,1833,ULSD,20164.57000000001,1833,140428.1,285505.9,219099.53720430244,66406.36279569758,78671.43720430243,12265.07440860485,145077.80000000002,11625.0
316,1834,ULSD,19755.91999999999,1834,133306.7,275790.7,208135.58566481623,67655.11433518378,74828.88566481622,7173.771329632436,142484.0,15305.0
317,1835,ULSD,20551.32000000002,1835,135630.9,280885.3,209320.2462759091,71565.05372409089,73689.3462759091,2124.2925518182165,145254.4,16259.0
318,1836,ULSD,22733.170000000016,1836,124807.7,281788.6,202024.2346894823,79764.36531051766,77216.53468948232,-2547.8306210353476,156980.89999999997,15780.0
319,1837,ULSD,19569.660000000003,1837,127060.4,269000.8,200414.89292856274,68585.90707143725,73354.49292856274,4768.585857125494,141940.4,15202.0
320,1838,ULSD,20785.85999999999,1838,145574.0,481818.2,227127.99432426054,254690.20567573947,81553.99432426054,-173136.21135147894,336244.2,16826.0
321,1839,ULSD,16102.510000000002,1839,128881.6,241223.4,186676.90686519962,54546.493134800374,57795.306865199615,3248.8137303992407,112341.79999999999,15178.0
322,1840,ULSD,19756.69000000001,1840,136283.4,266840.4,208301.48858549615,58538.91141450388,72018.08858549615,13479.177170992276,130557.00000000003,17872.0
323,1841,ULSD,16858.28,1841,87754.4,206824.2,148510.3385943779,58313.8614056221,60755.93859437792,2442.077188755822,119069.80000000002,14940.0
324,1842,ULSD,20483.65000000001,1842,116224.8,261014.3,189286.50633240657,71727.79366759342,73061.70633240657,1333.9126648131496,144789.5,18050.0
325,1843,ULSD,24954.510000000006,1843,144636.8,317693.9,229865.66124375747,87828.23875624256,85228.86124375748,-2599.37751248508,173057.10000000003,22239.0
326,1844,ULSD,18897.66000000001,1844,114948.8,248302.7,182114.03885475674,66188.66114524327,67165.23885475674,976.577709513469,133353.90000000002,15298.0
327,1845,ULSD,22921.49000000002,1845,129602.2,291722.2,211829.37837717726,79892.82162282275,82227.17837717726,2334.356754354507,162120.0,15738.0
328,1846,ULSD,19438.280000000006,1846,132660.6,269640.1,204041.41588274625,65598.68411725372,71380.81588274625,5782.131765492522,136979.49999999997,17944.0
329,1847,ULSD,19736.40000000001,1847,134266.8,278209.3,207258.68935292243,70950.61064707756,72991.88935292244,2041.2787058448885,143942.5,22053.0
330,1848,ULSD,20569.660000000003,1848,132272.3,278093.6,203976.37113329937,74117.2288667006,71704.07113329938,-2413.1577334012254,145821.3,20030.0
331,1849,ULSD,20869.330000000024,1849,118354.6,531568.6,197014.21594245482,334554.38405754516,78659.61594245481,-255894.76811509035,413214.0,17030.0
332,1850,ULSD,21924.590000000015,1850,120341.4,278055.4,201650.05434182906,76405.34565817096,81308.65434182907,4903.308683658106,157714.00000000003,15224.0
333,1851,ULSD,22276.670000000002,1851,99270.1,262340.0,182120.20882885656,80219.79117114344,82850.10882885655,2630.317657713109,163069.9,13252.0
334,1852,ULSD,25257.500000000004,1852,123456.6,302571.9,213124.90135580403,89446.99864419599,89668.30135580403,221.30271160803386,179115.30000000002,13350.0
335,1853,ULSD,21950.259999999987,1853,102165.4,262714.2,181999.65480198473,80714.54519801529,79834.25480198473,-880.2903960305557,160548.80000000002,18534.0
336,1854,ULSD,19173.69,1854,101867.4,246503.5,177270.99156591983,69232.50843408017,75403.59156591984,6171.083131839667,144636.1,13896.0
337,1855,ULSD,20453.819999999996,1855,103222.9,250739.9,180377.86178443217,70362.03821556782,77154.96178443218,6792.923568864353,147517.0,12822.0
338,1856,ULSD,18908.89999999999,1856,98932.5,232350.0,166949.90861528888,65400.09138471112,68017.40861528888,2617.3172305777553,133417.5,16285.0
339,1857,ULSD,18981.240000000005,1857,100445.5,480538.7,170312.98289977934,310225.7171002207,69867.48289977934,-240358.23420044134,380093.2,16953.0
340,1858,ULSD,19329.300000000007,1858,89228.4,226167.1,155808.26540318606,70358.83459681395,66579.86540318606,-3778.969193627883,136938.7,19470.0
341,1859,ULSD,18273.47,1859,108646.8,248580.1,179188.5117564568,69391.5882435432,70541.7117564568,1150.123512913604,139933.3,13550.0
342,1860,ULSD,24505.560000000012,1860,118526.2,289758.2,210196.56007563096,79561.63992436905,91670.36007563096,12108.720151261907,171232.0,16396.0
343,1861,ULSD,22707.029999999995,1861,107872.5,567612.8,192184.44150887363,375428.35849112645,84311.94150887363,-291116.41698225285,459740.30000000005,16900.0
344,1862,ULSD,20470.409999999993,1862,107252.6,252803.6,187461.95244197038,65341.647558029625,80209.35244197038,14867.70488394075,145551.0,15295.0
345,1863,ULSD,21283.760000000013,1863,106933.5,259092.9,182861.4293266114,76231.4706733886,75927.9293266114,-303.5413467772014,152159.4,13885.0
346,1864,ULSD,14446.070000000018,1864,103412.9,227969.2,160405.1863559155,67564.01364408451,56992.28635591551,-10571.727288169,124556.30000000002,14717.0
347,1865,ULSD,18559.280000000013,1865,97826.1,230682.2,154561.5915579386,76120.6084420614,56735.4915579386,-19385.116884122806,132856.1,23300.0
348,1866,ULSD,17775.410000000003,1866,97456.6,229381.6,165131.44505108465,64250.154948915355,67674.84505108465,3424.69010216929,131925.0,15660.0
349,1867,ULSD,21809.780000000017,1867,87828.1,239529.9,165597.6952573819,73932.20474261808,77769.59525738191,3837.390514763829,151701.8,15308.0
350,1868,ULSD,21907.619999999995,1868,88419.9,243710.8,167971.9147107203,75738.88528927969,79552.01471072031,3813.1294214406225,155290.9,14588.0
351,1869,ULSD,13095.840000000006,1869,71080.3,165428.8,119388.34403552073,46040.45596447926,48308.044035520725,2267.588071041464,94348.49999999999,10135.0
352,1870,ULSD,22637.980000000003,1870,79121.3,242474.6,156079.0008782024,86395.5991217976,76957.7008782024,-9437.898243595191,163353.3,13892.0
353,1871,ULSD,23294.43,1871,101136.5,269133.2,182252.51879516375,86880.68120483626,81116.01879516375,-5764.662409672514,167996.7,13977.0
354,1872,ULSD,22210.599999999995,1872,92328.3,257172.0,172174.58060438526,84997.41939561474,79846.28060438526,-5151.138791229474,164843.7,15189.0
355,1873,ULSD,26267.95999999999,1873,105160.0,277872.6,193763.70627280636,84108.89372719362,88603.70627280636,4494.812545612745,172712.59999999998,14523.0
356,1874,ULSD,22748.220000000005,1874,83702.1,247014.7,163576.67150170595,83438.02849829406,79874.57150170594,-3563.4569965881237,163312.6,15822.0
357,1875,ULSD,21856.63,1875,93098.3,244492.8,170042.72838473594,74450.07161526405,76944.42838473593,2494.3567694718804,151394.5,15304.0
358,1876,ULSD,20676.059999999983,1876,102281.0,248770.6,183759.2177987348,65011.382201265194,81478.21779873481,16466.835597469617,146489.6,16754.0
359,1877,ULSD,20634.31000000001,1877,87776.2,229619.9,162380.32401815418,67239.57598184582,74604.12401815418,7364.5480363083625,141843.7,19173.0
360,1878,ULSD,20162.53000000001,1878,91838.2,231147.2,166497.70872875894,64649.49127124107,74659.50872875894,10010.017457517868,139309.0,14183.0
361,1879,ULSD,19441.80000000001,1879,89942.2,228288.2,161417.03818739366,66871.16181260635,71474.83818739366,4603.676374787305,138346.0,22840.0
362,1880,ULSD,19742.760000000002,1880,100407.6,202044.4,151029.06771065958,51015.33228934041,50621.46771065958,-393.8645786808338,101636.79999999999,17018.0
363,1881,ULSD,22176.64,1881,106248.6,263153.8,183901.11574788622,79252.68425211377,77652.51574788621,-1600.168504227564,156905.19999999998,16580.0
364,1882,ULSD,20252.530000000006,1882,94960.1,234782.0,164576.03302044515,70205.96697955485,69615.93302044514,-590.0339591097145,139821.9,15554.0
365,1883,ULSD,22396.749999999996,1883,88745.4,250264.5,167500.83540496728,82763.66459503272,78755.43540496728,-4008.229190065438,161519.1,16026.0
366,1884,ULSD,23779.180000000015,1884,85235.1,251778.8,172399.77701750604,79379.02298249395,87164.67701750604,7785.654035012092,166543.69999999998,18166.0
367,1885,ULSD,21167.150000000012,1885,92322.4,245060.6,182674.22496548903,62386.37503451097,90351.82496548904,27965.449930978066,152738.2,18109.0
368,1886,ULSD,20592.310000000012,1886,90428.7,238715.8,166915.46917642443,71800.33082357555,76486.76917642444,4686.438352848883,148287.09999999998,15712.0
369,1887,ULSD,20309.639999999985,1887,49437.9,229872.4,159957.68427201212,69914.71572798787,110519.78427201213,40605.06854402425,180434.5,13867.0
370,1888,ULSD,20251.65,1888,88433.5,238598.1,164413.89956596197,74184.20043403804,75980.39956596197,1796.1991319239314,150164.6,16358.0
371,1889,ULSD,22429.259999999995,1889,73606.9,224189.3,158513.42868131102,65675.87131868897,84906.52868131103,19230.657362622063,150582.4,17161.0
372,1890,ULSD,22207.640000000007,1890,57733.2,209594.8,139739.04860392105,69855.75139607894,82005.84860392105,12150.097207842118,151861.59999999998,24533.0
373,1891,ULSD,23149.090000000004,1891,61491.5,250124.8,174677.43555967932,75447.36444032067,113185.93555967932,37738.57111935865,188633.3,14553.0
374,1892,ULSD,21185.559999999998,1892,65251.9,243252.0,169973.58489388324,73278.41510611676,104721.68489388324,31443.269787766476,178000.1,15219.0
375,1893,ULSD,18880.449999999997,1893,5083.7,211971.0,143976.77178011448,67994.22821988552,138893.07178011446,70898.84356022894,206887.3,17027.0
376,1894,ULSD,20029.470000000012,1894,62349.7,229117.2,154452.10172366514,74665.09827633487,92102.40172366514,17437.30344733027,166767.5,18217.0
377,1895,ULSD,20946.17000000001,1895,79302.1,226816.2,162534.9014049538,64281.29859504622,83232.80140495379,18951.50280990757,147514.1,15303.0
378,1896,ULSD,20850.240000000013,1896,48455.3,245166.3,174946.92144054332,70219.37855945667,126491.62144054331,56272.24288108664,196711.0,18493.0
379,1897,ULSD,21904.40000000001,1897,13802.6,246896.4,172180.42335490455,74715.97664509545,158377.82335490454,83661.84670980909,233093.8,15607.0
380,1898,ULSD,23391.39,1898,63372.7,235559.0,152735.9797824744,82823.0202175256,89363.2797824744,6540.259564948807,172186.3,16090.0
381,1899,ULSD,22027.359999999997,1899,57819.3,407840.8,159603.3340138488,248237.4659861512,101784.0340138488,-146453.43197230238,350021.5,16899.0
382,1900,ULSD,21201.5,1900,57098.3,237026.4,162097.9912457456,74928.4087542544,104999.69124574559,30071.28249149119,179928.09999999998,14393.0
383,1901,ULSD,19357.350000000006,1901,74235.5,216517.6,153591.40542977524,62926.19457022476,79355.90542977524,16429.710859550483,142282.1,15415.0
384,1902,ULSD,20099.60999999999,1902,71068.4,215066.5,140462.44917312975,74604.05082687025,69394.04917312975,-5210.001653740503,143998.1,14573.0
385,1903,ULSD,20125.859999999997,1903,67791.2,232730.9,157540.63718741236,75190.26281258764,89749.43718741236,14559.174374824725,164939.7,14236.0
386,1904,ULSD,23064.319999999974,1904,75973.0,243877.6,171941.0983040327,71936.50169596731,95968.0983040327,24031.59660806539,167904.6,14505.0
387,1905,ULSD,24043.870000000014,1905,91591.4,265437.5,176338.26218429935,89099.23781570065,84746.86218429936,-4352.375631401286,173846.1,14650.0
388,1906,ULSD,23040.639999999992,1906,6666.7,246210.4,165179.19823460162,81031.20176539838,158512.4982346016,77481.29646920323,239543.69999999998,15294.0
389,1907,ULSD,18452.54,1907,65978.4,193193.9,130925.54526743175,62268.354732568245,64947.145267431755,2678.7905348635104,127215.5,13798.0
390,1908,ULSD,17490.69000000001,1908,77517.3,200529.8,141165.23930117913,59364.56069882086,63647.939301179125,4283.378602358265,123012.49999999999,13394.0
391,1909,ULSD,20630.809999999998,1909,78015.9,549240.2,149978.34944895442,399261.8505510455,71962.44944895443,-327299.40110209107,471224.29999999993,15153.0
392,1910,ULSD,19645.600000000006,1910,78858.5,223183.8,151453.230661814,71730.56933818597,72594.73066181401,864.1613236280391,144325.3,15110.0
393,1911,ULSD,20472.26999999999,1911,83110.3,231102.1,158341.05454332853,72761.04545667148,75230.75454332853,2469.7090866570506,147991.8,17124.0
394,1912,ULSD,22848.119999999995,1912,100861.5,269919.0,186305.38258968218,83613.61741031782,85443.88258968218,1830.26517936436,169057.5,18064.0
395,1913,ULSD,25653.039999999975,1913,88463.6,273409.8,177536.1570285587,95873.6429714413,89072.55702855869,-6801.085942882608,184946.19999999998,17998.0
396,1914,ULSD,21939.83,1914,82312.2,252765.0,174663.87197364244,78101.12802635756,92351.67197364244,14250.543947284881,170452.8,15935.0
397,1915,ULSD,20373.770000000008,1915,48244.4,235529.3,156629.178498872,78900.12150112799,108384.77849887201,29484.656997744023,187284.9,17720.0
398,1916,ULSD,17701.870000000014,1916,83539.7,216037.1,151773.10835523732,64263.99164476269,68233.40835523732,3969.4167104746302,132497.40000000002,15978.0
399,1917,ULSD,17447.33000000002,1917,58710.3,199398.8,141521.1110852994,57877.688914700586,82810.8110852994,24933.122170598814,140688.5,13775.0
400,1918,ULSD,24900.790000000005,1918,62779.2,249408.8,175655.4600395229,73753.33996047708,112876.26003952291,39122.92007904583,186629.59999999998,33901.0
401,1919,ULSD,26611.33000000001,1919,89987.2,281024.2,187911.82656492924,93112.37343507077,97924.62656492925,4812.25312985848,191037.0,14154.0
402,1920,ULSD,19645.470000000012,1920,67749.3,228207.7,157899.2366927235,70308.46330727651,90149.9366927235,19841.47338544698,160458.40000000002,16630.0
403,1921,ULSD,22501.08999999999,1921,48821.6,238561.3,160171.99675679143,78389.30324320856,111350.39675679142,32961.09351358286,189739.69999999998,15571.0
404,1922,ULSD,19692.72000000003,1922,58489.4,223887.1,153414.25027181747,70472.84972818254,94924.85027181747,24452.00054363493,165397.7,17475.0
405,1923,ULSD,18550.840000000007,1923,65166.5,204407.2,137788.09688696373,66619.10311303628,72621.59688696373,6002.4937739274465,139240.7,15933.0
406,1924,ULSD,25811.430000000004,1924,66992.0,287340.5,201396.50613760483,85943.99386239517,134404.50613760483,48460.51227520965,220348.5,18851.0
407,1925,ULSD,21424.330000000013,1925,69732.5,246948.5,171509.5982078857,75438.90179211431,101777.09820788569,26338.19641577138,177216.0,17298.0
408,1926,ULSD,27916.279999999995,1926,92640.9,306093.7,205784.45421516703,100309.24578483298,113143.55421516704,12834.308430334058,213452.80000000002,14175.0
409,1927,ULSD,20131.91,1927,56644.8,218074.8,144936.02587087423,73138.77412912576,88291.22587087423,15152.451741748475,161430.0,15272.0
410,1928,ULSD,19265.879999999997,1928,50243.1,199031.2,132575.40630374316,66455.79369625685,82332.30630374316,15876.512607486307,148788.1,16514.0
411,1929,ULSD,17760.93,1929,35998.7,194859.8,133058.93420673034,61800.86579326965,97060.23420673034,35259.36841346069,158861.09999999998,16640.0
412,1930,ULSD,23418.940000000002,1930,68656.8,253939.4,177370.32525716702,76569.07474283298,108713.52525716701,32144.450514334036,185282.59999999998,19151.0
413,1931,ULSD,20017.79000000001,1931,75452.8,228715.6,167654.30181517266,61061.29818482735,92201.50181517265,31140.203630345306,153262.8,18125.0
414,1932,ULSD,23513.920000000013,1932,55194.0,240104.4,155290.25026214542,84814.14973785458,100096.25026214542,15282.100524290843,184910.4,15831.0
415,1933,ULSD,19736.559999999998,1933,89884.3,232219.5,161903.89368522144,70315.60631477856,72019.59368522144,1703.9873704428755,142335.2,15630.0
416,1934,ULSD,26680.239999999976,1934,91862.0,282397.8,184962.3560404351,97435.4439595649,93100.35604043509,-4335.087919129815,190535.8,20280.0
417,1935,ULSD,19068.18999999999,1935,73125.1,222922.1,150801.16528631985,72120.93471368015,77676.06528631985,5555.130572639697,149797.0,14634.0
418,1936,ULSD,19926.09999999999,1936,66904.3,216337.3,143655.64284876105,72681.65715123893,76751.34284876105,4069.6856975221162,149433.0,15340.0
419,1937,FUEL,121.7,1937,76226.8,204754.8,146798.9596123646,57955.8403876354,70572.15961236459,12616.319224729188,128527.99999999999,14653.0
420,1937,ULSD,17656.560000000012,1937,76226.8,204754.8,146798.9596123646,57955.8403876354,70572.15961236459,12616.319224729188,128527.99999999999,14653.0
421,1938,ULSD,19837.970000000005,1938,5706.0,205319.6,124747.09004478506,80572.50995521495,119041.09004478506,38468.58008957011,199613.6,20542.0
422,1939,ULSD,21365.019999999986,1939,5837.2,228316.0,150819.84241808593,77496.15758191407,144982.64241808592,67486.48483617185,222478.8,18709.0
423,1940,ULSD,18329.270000000015,1940,63184.5,193154.0,133835.90046497603,59318.09953502397,70651.40046497603,11333.300929952064,129969.5,16560.0
424,1941,ULSD,24022.320000000014,1941,77012.5,245528.3,164112.23009349164,81416.06990650835,87099.73009349164,5683.660186983296,168515.8,22141.0
425,1942,ULSD,19832.110000000008,1942,53153.4,208154.6,138560.3818342232,69594.21816577681,85406.9818342232,15812.763668446394,155001.2,19267.0
426,1943,ULSD,25469.99,1943,85048.6,258473.7,171466.46357820273,87007.23642179728,86417.86357820273,-589.3728435945523,173425.1,13286.0
427,1944,ULSD,14797.260000000006,1944,63352.5,165257.8,113264.28484968402,51993.51515031597,49911.784849684016,-2081.730300631956,101905.29999999999,12640.0
428,1945,ULSD,22164.530000000006,1945,66837.8,219774.9,144568.87308133638,75206.02691866361,77731.07308133638,2525.046162672763,152937.09999999998,16561.0
429,1946,ULSD,21682.78,1946,66696.7,219027.0,143735.69039059948,75291.30960940052,77038.99039059949,1747.680781198971,152330.3,15745.0
430,1947,ULSD,19025.140000000007,1947,66723.7,200737.6,132025.52061299948,68712.07938700053,65301.82061299948,-3410.2587740010495,134013.90000000002,13540.0
431,1948,ULSD,20625.29,1948,63829.8,208309.5,137576.17794434036,70733.32205565964,73746.37794434036,3013.0558886807266,144479.7,14409.0
432,1949,ULSD,17680.599999999995,1949,62571.5,188193.1,125279.7367261342,62913.363273865805,62708.2367261342,-205.12654773160466,125621.6,15022.0
433,1950,ULSD,21798.23,1950,69148.0,226432.8,147636.00717038408,78796.79282961591,78488.00717038408,-308.7856592318276,157284.8,18423.0
434,1951,ULSD,21610.87000000001,1951,52733.6,202420.8,130713.51994564339,71707.2800543566,77979.9199456434,6272.639891286803,149687.19999999998,18029.0
435,1952,ULSD,23737.47999999998,1952,54545.3,220263.1,136260.26568160777,84002.83431839224,81714.96568160776,-2287.8686367844784,165717.8,15126.0
436,1953,ULSD,23757.410000000018,1953,67171.7,237408.7,156144.32354717393,81264.37645282608,88972.62354717393,7708.247094347855,170237.0,18877.0
437,1954,ULSD,19795.820000000007,1954,67376.6,210463.9,148225.96875770052,62237.93124229947,80849.36875770052,18611.43751540105,143087.3,18667.0
438,1955,ULSD,20036.339999999993,1955,59324.9,542993.1,132086.4084741946,410906.6915258054,72761.50847419462,-338145.1830516108,483668.19999999995,17748.0
439,1956,ULSD,22892.029999999995,1956,66424.2,233701.1,150389.1293900623,83311.9706099377,83964.9293900623,652.9587801245943,167276.90000000002,17346.0
440,1957,ULSD,21177.68999999999,1957,65182.3,208201.9,148059.45519603623,60142.444803963765,82877.15519603623,22734.710392072462,143019.59999999998,23643.0
441,1958,ULSD,24910.429999999986,1958,76466.8,264055.8,173181.35345186657,90874.44654813342,96714.55345186657,5840.106903733147,187589.0,17773.0
442,1959,CDSL,121.03,1959,63842.8,235460.8,148663.47723025284,86797.32276974714,84820.67723025284,-1976.645539494304,171618.0,16052.0
443,1959,ULSD,22784.649999999998,1959,63842.8,235460.8,148663.47723025284,86797.32276974714,84820.67723025284,-1976.645539494304,171618.0,16052.0
444,1960,ULSD,19497.560000000005,1960,55470.9,193837.2,127763.30511155914,66073.89488844087,72292.40511155914,6218.510223118268,138366.30000000002,15866.0
445,1961,ULSD,24732.829999999994,1961,72778.3,249076.2,160958.88989700214,88117.31010299787,88180.58989700214,63.27979400426557,176297.90000000002,17282.0
446,1962,ULSD,17590.72000000001,1962,66434.1,193623.5,135074.4612209508,58549.03877904921,68640.36122095078,10091.322441901575,127189.4,17298.0
447,1963,ULSD,14879.210000000003,1963,56051.6,162685.5,111095.59510068223,51589.90489931777,55043.99510068223,3454.090201364459,106633.9,11124.0
448,1964,ULSD,18629.060000000012,1964,60414.8,196666.5,135318.2585426414,61348.241457358614,74903.45854264138,13555.21708528277,136251.7,14094.0
449,1965,ULSD,21273.73000000002,1965,64993.6,225952.5,145896.3032977431,80056.19670225689,80902.70329774311,846.5065954862221,160958.9,17982.0
450,1966,ULSD,12581.65,1966,32506.7,120528.1,78011.29337625612,42516.80662374389,45504.59337625612,2987.7867525122274,88021.40000000001,11338.0
451,1967,ULSD,21002.789999999994,1967,64202.2,214055.7,155238.59675525027,58817.10324474974,91036.39675525027,32219.29351050053,149853.5,19755.0
452,1968,ULSD,20816.840000000004,1968,54303.7,204048.4,127133.04663235483,76915.35336764516,72829.34663235483,-4086.006735290328,149744.7,18069.0
453,1969,ULSD,20060.74,1969,43595.1,184094.3,116639.51234609394,67454.78765390605,73044.41234609394,5589.624692187892,140499.19999999998,17949.0
454,1970,ULSD,22946.490000000005,1970,57042.0,213378.6,137565.23057116687,75813.36942883313,80523.23057116687,4709.8611423337425,156336.6,15302.0
455,1971,ULSD,19317.299999999996,1971,45376.1,175234.0,111402.79569553662,63831.204304463376,66026.69569553662,2195.491391073243,129857.9,17447.0
456,1972,ULSD,24271.879999999994,1972,55902.9,229967.5,145113.65394204838,84853.84605795162,89210.75394204838,4356.907884096756,174064.6,20776.0
457,1973,ULSD,21930.16999999999,1973,48407.4,205556.5,128115.60681951788,77440.89318048212,79708.20681951789,2267.3136390357686,157149.1,17010.0
458,1974,ULSD,24215.52,1974,58749.1,232525.9,144501.68144006285,88024.21855993714,85752.58144006284,-2271.6371198743,173776.8,15291.0
459,1975,ULSD,20676.780000000002,1975,51058.3,202200.2,124497.84377764727,77702.35622235274,73439.54377764727,-4262.812444705472,151141.90000000002,13564.0
460,1976,ULSD,22139.49999999999,1976,57618.6,220508.6,140047.55754453706,80461.04245546294,82428.95754453706,1967.9150890741148,162890.0,13977.0
461,1977,ULSD,20212.04999999999,1977,55339.1,198577.3,133430.36616470033,65146.93383529966,78091.26616470033,12944.33232940067,143238.19999999998,17000.0
462,1978,ULSD,20671.969999999994,1978,47721.0,192304.5,121482.40845340969,70822.09154659031,73761.40845340969,2939.316906819382,144583.5,16656.0
463,1979,ULSD,20547.479999999992,1979,50020.6,198085.3,124085.84129027593,73999.45870972406,74065.24129027594,65.78258055188053,148064.69999999998,14059.0
464,1980,ULSD,16990.270000000015,1980,40657.9,159888.5,101327.83437258816,58560.66562741184,60669.934372588155,2109.268745176312,119230.6,12958.0
465,1981,ULSD,13194.360000000002,1981,29946.7,117518.2,77470.05574930299,40048.144250697005,47523.355749302995,7475.21149860599,87571.5,12158.0
466,1982,ULSD,20787.449999999993,1982,39995.4,188340.7,114216.42918552106,74124.27081447895,74221.02918552107,96.75837104211678,148345.30000000002,13702.0
467,1983,ULSD,21096.45999999998,1983,42478.2,194687.2,119463.25802650947,75223.94197349054,76985.05802650948,1761.1160530189372,152209.0,13580.0
468,1984,ULSD,19697.21999999999,1984,40211.8,177415.0,109974.19343293035,67440.80656706965,69762.39343293034,2321.5868658606923,137203.2,15730.0
469,1985,ULSD,22041.85,1985,46272.2,207413.9,128006.38653650538,79407.51346349462,81734.18653650538,2326.6730730107665,161141.7,15724.0
470,1986,ULSD,19465.229999999992,1986,43960.2,184074.5,116817.66993860678,67256.83006139322,72857.46993860678,5600.639877213558,140114.3,14008.0
471,1987,ULSD,18509.610000000004,1987,36549.8,163376.7,101678.6035878345,61698.09641216551,65128.803587834496,3430.707175668984,126826.90000000001,17197.0
472,1988,ULSD,19718.410000000007,1988,38980.9,183770.7,112201.8773251035,71568.82267489651,73220.97732510351,1652.1546502069978,144789.80000000002,14580.0
473,1989,ULSD,22190.370000000003,1989,47258.2,210455.8,131155.02943108714,79300.77056891285,83896.82943108714,4596.058862174294,163197.59999999998,14308.0
474,1990,ULSD,18978.850000000002,1990,41083.2,184591.0,114854.9508262108,69736.0491737892,73771.7508262108,4035.7016524216015,143507.8,15795.0
475,1991,ULSD,23899.530000000002,1991,34153.8,200328.4,120649.52318833077,79678.87681166922,86495.72318833077,6816.846376661546,166174.59999999998,19264.0
476,1992,ULSD,20163.519999999997,1992,39895.5,184333.0,114864.3268530757,69468.6731469243,74968.8268530757,5500.15370615141,144437.5,15879.0
477,1993,ULSD,25811.049999999996,1993,47379.3,228003.2,138198.2701418566,89804.92985814341,90818.9701418566,1014.0402837131842,180623.90000000002,16143.0
478,1994,ULSD,21874.37,1994,37183.5,192895.0,113899.24464171744,78995.75535828256,76715.74464171744,-2280.010716565128,155711.5,21910.0
479,1995,ULSD,24390.000000000007,1995,40230.2,212337.7,123671.48813210083,88666.21186789918,83441.28813210083,-5224.923735798351,172107.5,22801.0
480,1996,ULSD,21236.33999999999,1996,25564.3,179724.3,98424.53870517648,81299.7612948235,72860.23870517648,-8439.522589647022,154160.0,14334.0
481,1997,ULSD,19444.340000000004,1997,38826.0,180001.8,110331.41446469165,69670.38553530833,71505.41446469165,1835.0289293833193,141175.8,12292.0
482,1998,ULSD,13499.529999999999,1998,27665.2,125490.8,77483.65415083616,48007.14584916385,49818.45415083616,1811.3083016723103,97825.6,12371.0
483,1999,ULSD,20172.129999999997,1999,38869.1,182811.0,111894.57093822959,70916.42906177041,73025.47093822958,2109.041876459174,143941.9,15849.0
484,2000,ULSD,20536.01000000001,2000,36968.4,187811.2,113685.8067464277,74125.39325357231,76717.4067464277,2592.013492855389,150842.80000000002,15045.0
485,2001,ULSD,18261.489999999998,2001,27729.6,162823.8,96694.12938525509,66129.6706147449,68964.5293852551,2834.8587705101963,135094.19999999998,17308.0
486,2002,ULSD,19637.71,2002,31731.1,168727.5,94539.51356285471,74187.98643714529,62808.413562854716,-11379.57287429057,136996.4,18241.0
487,2003,ULSD,25733.96999999999,2003,36831.9,221559.2,130735.8358640776,90823.36413592241,93903.93586407759,3080.571728155177,184727.30000000002,25750.0
488,2004,ULSD,21297.43,2004,35653.4,186258.1,114620.20316521905,71637.89683478096,78966.80316521905,7328.906330438098,150604.7,16239.0
489,2005,ULSD,21678.380000000012,2005,33281.3,188639.5,112171.49390147995,76468.00609852005,78890.19390147994,2422.1878029598884,155358.2,13987.0
490,2006,ULSD,19994.93000000001,2006,1566.2,154201.2,78675.42978502817,75525.77021497184,77109.22978502818,1583.4595700563368,152635.0,14467.0
491,2007,ULSD,20987.909999999985,2007,1747.2,151693.9,76450.2744332118,75243.62556678819,74703.0744332118,-540.5511335763877,149946.69999999998,16717.0
492,2008,ULSD,21210.31,2008,266.1,144571.5,70397.34735585631,74174.15264414369,70131.2473558563,-4042.9052882873802,144305.4,13823.0
493,2009,ULSD,20887.189999999988,2009,1320.3,147112.1,73017.07310330698,74095.02689669303,71696.77310330697,-2398.2537933860585,145791.80000000002,14578.0
494,2010,ULSD,21273.490000000013,2010,17.1,146395.7,89069.42893401091,57326.2710659891,89052.3289340109,31726.057868021802,146378.6,17533.0
495,2011,ULSD,17899.070000000014,2011,446.0,555197.2,70668.36243579868,484528.83756420127,70222.36243579868,-414306.4751284026,554751.2,14213.0
496,2012,ULSD,20109.48,2012,452.9,143015.4,71530.20742984055,71485.19257015944,71077.30742984056,-407.88514031888917,142562.5,14859.0
497,2013,ULSD,20284.35000000001,2013,14.4,144907.4,75754.57684887537,69152.82315112463,75740.17684887537,6587.3536977507465,144893.0,14928.0
498,2014,ULSD,22100.809999999987,2014,593.2,163316.2,82202.13999705788,81114.06000294213,81608.93999705788,494.87999411574856,162723.0,20394.0
499,2015,ULSD,17232.500000000015,2015,887.1,120203.7,63083.56649386665,57120.133506133345,62196.466493866654,5076.332987733309,119316.59999999999,13696.0
500,2016,ULSD,22425.91000000001,2016,15.1,493360.2,80836.31871194055,412523.88128805946,80821.21871194054,-331702.66257611895,493345.10000000003,15108.0
501,2017,ULSD,23471.37999999999,2017,14.3,168601.2,80326.32894959794,88274.87105040207,80312.02894959794,-7962.842100804133,168586.90000000002,18888.0
502,2018,ULSD,23162.529999999973,2018,522.1,164002.3,89312.79541537273,74689.50458462726,88790.69541537273,14101.190830745472,163480.19999999998,17057.0
503,2019,ULSD,19761.87999999998,2019,446.3,142976.5,74061.81896801326,68914.68103198674,73615.51896801326,4700.837936026524,142530.2,15194.0
504,2020,ULSD,23095.699999999997,2020,456.2,164637.9,86589.9671504321,78047.9328495679,86133.7671504321,8085.834300864211,164181.69999999998,17915.0
505,2021,ULSD,17809.219999999998,2021,914.3,135213.6,74149.17335898025,61064.42664101976,73234.87335898024,12170.446717960484,134299.30000000002,12477.0
506,2022,ULSD,16789.889999999985,2022,610.1,123034.1,64525.85073077206,58508.24926922795,63915.75073077206,5407.5014615441105,122424.0,12521.0
507,2023,ULSD,17537.66000000003,2023,457.0,129203.5,70427.2354590862,58776.264540913806,69970.2354590862,11193.970918172388,128746.5,20824.0
508,2024,ULSD,19747.389999999996,2024,655.0,142069.4,77436.83398373038,64632.566016269615,76781.83398373038,12149.267967460764,141414.4,15119.0
509,2025,ULSD,18459.709999999995,2025,1135.1,133321.7,67413.29236321109,65908.40763678892,66278.19236321108,369.78472642216366,132186.6,10253.0
510,2026,ULSD,21408.470000000012,2026,6711.4,156448.7,81435.3622526437,75013.33774735632,74723.9622526437,-289.37549471261445,149737.30000000002,15413.0
511,2027,ULSD,20242.020000000008,2027,1854.0,141255.2,69795.25785364663,71459.94214635338,67941.25785364663,-3518.6842927067482,139401.2,16139.0
512,2028,ULSD,19346.96,2028,449.0,138848.3,74996.4839352648,63851.81606473519,74547.4839352648,10695.667870529607,138399.3,16807.0
513,2029,ULSD,19066.440000000006,2029,20.9,138963.9,76544.7600605918,62419.1399394082,76523.8600605918,14104.720121183607,138943.0,17494.0
514,2030,ULSD,18902.25,2030,703.7,134598.0,71627.85334113293,62970.146658867074,70924.15334113293,7954.0066822658555,133894.3,14531.0
515,2031,ULSD,20616.359999999997,2031,3923.7,151464.6,78270.95229869502,73193.64770130499,74347.25229869502,1153.6045973900327,147540.9,14878.0
516,2032,ULSD,15640.799999999997,2032,15.4,226182.2,58010.834477732984,168171.36552226703,57995.43447773298,-110175.93104453405,226166.80000000002,12350.0
517,2033,ULSD,16415.619999999995,2033,448.1,563615.1,56574.4727289601,507040.6272710399,56126.3727289601,-450914.25454207975,563167.0,10777.0
518,2034,ULSD,7147.470000000001,2034,27.2,563717.5,52925.287097199005,510792.212902801,52898.08709719901,-457894.125805602,563690.3,15175.0
519,2035,ULSD,18515.280000000002,2035,18.2,135563.1,65404.947855750586,70158.15214424941,65386.74785575059,-4771.404288498823,135544.9,14364.0
520,2036,ULSD,15476.520000000002,2036,15.6,581694.8,56616.40116062336,525078.3988393766,56600.80116062336,-468477.59767875326,581679.2000000001,11804.0
521,2037,ULSD,19003.67,2037,447.2,138305.9,68043.89072248134,70262.00927751865,67596.69072248135,-2665.318555037302,137858.69999999998,17343.0
522,2038,ULSD,16265.800000000007,2038,457.7,116614.7,57543.28744307575,59071.412556924246,57085.587443075754,-1985.825113848492,116157.0,13395.0
523,2039,ULSD,15591.340000000006,2039,503.7,119208.8,59672.85870949876,59535.94129050124,59169.15870949876,-366.7825810024806,118705.1,14444.0
524,2040,ULSD,17576.76,2040,481.7,539659.1,66071.29768197359,473587.80231802637,65589.5976819736,-407998.2046360528,539177.4,11389.0
525,2041,ULSD,16501.190000000002,2041,447.1,117989.4,60478.651405379715,57510.74859462028,60031.551405379716,2520.8028107594364,117542.29999999999,14907.0
526,2042,ULSD,15283.540000000003,2042,485.9,501430.7,54298.498811085075,447132.20118891494,53812.598811085074,-393319.60237782984,500944.8,12196.0
527,2043,ULSD,12126.060000000003,2043,504.3,86213.8,42093.91817076598,44119.88182923402,41589.61817076598,-2530.263658468044,85709.5,10693.0
528,2044,ULSD,15790.560000000012,2044,443.0,108248.2,56145.60751976484,52102.59248023516,55702.60751976484,3600.0150395296805,107805.2,10878.0
529,2045,ULSD,17655.630000000005,2045,13.0,124406.9,61186.41805427188,63220.48194572811,61173.41805427188,-2047.0638914562296,124393.9,11903.0
530,2046,ULSD,14916.490000000003,2046,17.8,103927.6,54761.09556192996,49166.50443807005,54743.295561929954,5576.7911238599045,103909.8,13249.0
531,2047,ULSD,14952.180000000006,2047,3560.7,115038.6,56527.0650119332,58511.53498806681,52966.3650119332,-5545.169976133606,111477.90000000001,10475.0
532,2048,ULSD,16570.1,2048,3810.7,116462.2,60034.01822835735,56428.181771642645,56223.318228357355,-204.86354328528978,112651.5,10939.0
533,2049,ULSD,16889.230000000003,2049,3321.3,119120.5,62649.092783951615,56471.407216048385,59327.79278395161,2856.3855679032276,115799.2,13858.0
534,2050,ULSD,16079.99,2050,4449.3,115148.5,57753.492843897475,57395.007156102525,53304.19284389747,-4090.8143122050533,110699.2,11864.0
535,2051,ULSD,16690.580000000005,2051,4046.6,119495.0,61634.04395211778,57860.95604788222,57587.443952117785,-273.51209576443216,115448.4,11194.0
536,2052,ULSD,14795.210000000001,2052,2186.8,108554.7,58499.951679067104,50054.74832093289,56313.1516790671,6258.403358134208,106367.9,9946.0
537,2053,ULSD,15728.699999999999,2053,1768.7,112449.6,59598.12241500193,52851.47758499807,57829.422415001936,4977.944830003864,110680.90000000001,11412.0
538,2054,ULSD,15477.87000000001,2054,3204.3,110968.1,54768.89709042093,56199.20290957908,51564.597090420924,-4634.605819158154,107763.8,11170.0
539,2055,ULSD,14129.29000000001,2055,452.7,105159.8,54188.458949256616,50971.34105074339,53735.75894925662,2764.417898513231,104707.1,13381.0
540,2056,ULSD,21249.919999999984,2056,1134.1,174172.7,88183.56765917606,85989.13234082396,87049.46765917605,1060.3353183520958,173038.6,10680.0
541,2057,ULSD,15456.569999999992,2057,1752.5,110936.0,55451.357341664414,55484.642658335586,53698.857341664414,-1785.785316671172,109183.5,10563.0
542,2058,ULSD,15316.240000000002,2058,993.7,115141.2,58622.597638676634,56518.60236132336,57628.89763867664,1110.2952773532743,114147.5,9825.0
543,2059,ULSD,17518.360000000004,2059,838.7,124561.4,60610.92618997013,63950.473810029864,59772.22618997013,-4178.24762005973,123722.7,14097.0
544,2060,ULSD,16175.470000000005,2060,3171.0,110813.0,57679.1012603064,53133.8987396936,54508.1012603064,1374.202520612802,107642.0,8490.0
545,2061,ULSD,13493.209999999997,2061,2814.8,616209.5,50782.506931487835,565426.9930685122,47967.70693148783,-517459.28613702435,613394.7,9969.0
546,2062,ULSD,13153.799999999996,2062,467.0,98338.9,48670.155548798895,49668.7444512011,48203.155548798895,-1465.5889024022035,97871.9,9867.0
547,2063,ULSD,13183.719999999996,2063,453.8,99560.5,46478.6010973002,53081.8989026998,46024.801097300195,-7057.097805399608,99106.7,10298.0
548,2064,ULSD,13210.74,2064,19.6,90663.8,45660.84690605001,45002.95309395,45641.24690605001,638.2938121000116,90644.2,10165.0
549,2065,ULSD,12482.380000000003,2065,491.7,91931.2,47268.10875331567,44663.09124668433,46776.40875331567,2113.3175066313415,91439.5,7540.0
550,2066,ULSD,11781.04,2066,17.7,139835.9,43257.62552818928,96578.27447181071,43239.925528189284,-53338.34894362143,139818.19999999998,8567.0
551,2067,ULSD,13437.67,2067,518.8,101385.3,52338.0759259261,49047.2240740739,51819.2759259261,2772.0518518522003,100866.5,9828.0
552,2068,ULSD,11969.6,2068,2352.7,93595.9,48550.01433213396,45045.88566786604,46197.31433213396,1151.4286642679217,91243.2,8617.0
553,2069,ULSD,12003.81,2069,4301.5,84611.4,46039.499070869184,38571.90092913081,41737.999070869184,3166.0981417383737,80309.9,10978.0
554,2070,ULSD,9818.1,2070,3283.9,75606.5,44262.13081318672,31344.36918681328,40978.23081318672,9633.861626373437,72322.6,6825.0
555,2071,ULSD,12591.869999999999,2071,3808.5,101969.4,49212.10680685553,52757.29319314446,45403.60680685553,-7353.6863862889295,98160.9,8227.0
556,2072,ULSD,9140.889999999998,2072,12064.3,73590.1,41947.82816395516,31642.27183604485,29883.528163955158,-1758.7436720896912,61525.8,4733.0
557,2073,ULSD,8298.249999999998,2073,1687.3,59831.2,39457.50718968072,20373.692810319277,37770.20718968072,17396.51437936144,58143.899999999994,4729.0
558,2074,ULSD,11135.389999999996,2074,372.7,77677.6,46071.316813282254,31606.283186717752,45698.61681328226,14092.333626564505,77304.90000000001,8071.0
559,2075,ULSD,8823.249999999996,2075,17901.0,69062.6,43249.656330519814,25812.94366948019,25348.656330519814,-464.2873389603774,51161.600000000006,4502.0
560,2076,ULSD,10041.440000000002,2076,125.6,72235.2,45345.97660119565,26889.223398804344,45220.376601195654,18331.15320239131,72109.59999999999,4684.0
561,2077,ULSD,6645.2800000000025,2077,449.1,53393.5,27449.11338158571,25944.38661841429,27000.01338158571,1055.6267631714218,52944.4,5941.0
562,2078,ULSD,7623.03,2078,16.0,53857.5,28434.854237501433,25422.645762498567,28418.854237501433,2996.208475002866,53841.5,7941.0
563,2079,ULSD,7501.299999999998,2079,16.7,54774.0,27019.761535898684,27754.238464101316,27003.061535898683,-751.1769282026326,54757.3,6003.0
564,2080,ULSD,4853.530000000001,2080,15.5,39755.1,19614.252376314722,20140.847623685277,19598.752376314722,-542.0952473705547,39739.6,5134.0
565,2081,ULSD,8012.540000000005,2081,105.7,57216.5,29229.46651799946,27987.03348200054,29123.76651799946,1136.7330359989173,57110.8,6278.0
566,2082,ULSD,7476.170000000004,2082,470.6,53887.0,25986.403388299095,27900.596611700905,25515.803388299097,-2384.793223401808,53416.4,4427.0
567,2083,ULSD,5538.83,2083,447.4,43415.4,22110.066512345777,21305.333487654225,21662.666512345775,357.33302469155024,42968.0,4536.0
568,2084,ULSD,7639.889999999999,2084,15.0,57013.3,28615.52670995667,28397.773290043333,28600.52670995667,202.75341991333698,56998.3,4620.0
569,2085,ULSD,7156.32,2085,483.2,53501.5,27400.80806808133,26100.69193191867,26917.60806808133,816.9161361626575,53018.3,4524.0
570,2086,ULSD,7216.069999999999,2086,44.0,53825.0,27618.326646381225,26206.673353618775,27574.326646381225,1367.6532927624503,53781.0,4601.0
571,2087,ULSD,4743.550000000001,2087,15.6,33502.9,18874.350345065533,14628.549654934468,18858.750345065535,4230.200690131067,33487.3,2898.0
572,2088,ULSD,5525.1399999999985,2088,756.9,42025.0,25317.812330426375,16707.187669573625,24560.912330426374,7853.724660852749,41268.1,4128.0
573,2089,ULSD,6858.8200000000015,2089,16.0,48448.3,27558.55251336907,20889.74748663093,27542.55251336907,6652.80502673814,48432.3,3740.0
574,2090,ULSD,5582.05,2090,6499.6,47928.9,29603.802560099874,18325.097439900128,23104.202560099875,4779.105120199747,41429.3,3203.0
575,2091,ULSD,6027.56,2091,481.5,441196.5,26198.283934218816,414998.2160657812,25716.783934218816,-389281.4321315624,440715.0,3162.0
576,2092,ULSD,5736.72,2092,16.5,39320.5,22140.297851562453,17180.202148437547,22123.797851562453,4943.595703124905,39304.0,3072.0
577,2093,ULSD,5941.07,2093,52.1,42626.2,25303.17728090465,17323.02271909535,25251.07728090465,7928.054561809302,42574.1,3891.0
578,2094,ULSD,6320.400000000003,2094,466.9,44719.2,26705.311677631504,18013.888322368493,26238.411677631502,8224.523355263009,44252.299999999996,3648.0
579,2095,ULSD,6002.109999999999,2095,18.4,46119.2,27602.566856457994,18516.633143542003,27584.166856457992,9067.533712915989,46100.799999999996,3337.0
580,2096,ULSD,6504.440000000006,2096,1223.0,45105.9,26962.44925685089,18143.45074314911,25739.44925685089,7595.998513701779,43882.9,4306.0
581,2097,ULSD,4589.37,2097,4556.3,35443.4,19705.094608810006,15738.305391189995,15148.794608810007,-589.5107823799881,30887.100000000002,3042.0
582,2098,ULSD,5028.93,2098,3210.9,37528.6,19123.153824451456,18405.446175548543,15912.253824451456,-2493.1923510970864,34317.7,3190.0
583,2099,ULSD,3471.7099999999996,2099,454.8,26146.6,14544.22192982456,11602.378070175439,14089.42192982456,2487.043859649122,25691.8,2394.0
584,2100,ULSD,3520.8499999999985,2100,23.7,26055.6,13198.12835595777,12857.471644042229,13174.428355957769,316.9567119155399,26031.899999999998,2652.0
585,2101,ULSD,4872.209999999999,2101,64.9,34527.8,18367.53272080617,16160.267279193831,18302.63272080617,2142.365441612339,34462.9,3374.0
586,2102,ULSD,5109.380000000001,2102,13.0,36985.6,19003.159694612477,17982.44030538752,18990.159694612477,1007.7193892249561,36972.6,3471.0
587,2103,ULSD,4896.92,2103,444.2,35705.2,17919.925411383883,17785.274588616114,17475.725411383883,-309.54917723223116,35261.0,3707.0
588,2104,ULSD,3461.55,2104,452.8,25626.2,12572.734385843214,13053.465614156787,12119.934385843215,-933.5312283135718,25173.4,2882.0
589,2105,ULSD,4713.52,2105,14.0,131687.1,16946.77878521125,114740.32121478875,16932.77878521125,-97807.5424295775,131673.1,4544.0
590,2106,ULSD,4495.53,2106,3807.7,34511.6,18133.057002801084,16378.542997198914,14325.357002801084,-2053.1859943978307,30703.899999999998,4284.0
591,2107,ULSD,4135.38,2107,337.4,30783.2,14804.705750487337,15978.494249512663,14467.305750487338,-1511.1884990253257,30445.8,3078.0
592,2108,ULSD,3937.17,2108,1367.3,29931.1,16136.737512372152,13794.362487627846,14769.437512372153,975.0750247443066,28563.8,3031.0
593,2109,ULSD,4556.54,2109,3436.3,31922.4,17573.88989717227,14348.510102827731,14137.58989717227,-210.92020565546045,28486.100000000002,3890.0
594,2110,ULSD,4568.38,2110,16.3,32934.4,16215.055749427951,16719.344250572052,16198.755749427952,-520.5885011441005,32918.1,3496.0
595,2111,ULSD,4672.670000000001,2111,3992.0,33659.6,18315.665073245935,15343.934926754064,14323.665073245935,-1020.269853508129,29667.6,2594.0
596,2112,ULSD,3525.2299999999996,2112,558.9,26134.3,13327.14287925694,12807.157120743059,12768.24287925694,-38.914241486118044,25575.399999999998,2584.0
597,2113,ULSD,4436.550000000002,2113,445.5,31402.0,15205.152115677327,16196.847884322673,14759.652115677327,-1437.195768645346,30956.5,3285.0
598,2114,ULSD,3598.9500000000003,2114,445.6,558037.8,13360.40483234712,544677.395167653,12914.80483234712,-531762.5903353059,557592.2000000001,3042.0
599,2115,ULSD,4018.3500000000004,2115,444.6,30084.2,15319.913837429096,14764.286162570905,14875.313837429096,111.02767485819095,29639.600000000002,2645.0
600,2116,ULSD,4066.9200000000005,2116,444.9,27535.1,13909.8477480528,13625.252251947199,13464.9477480528,-160.3045038943983,27090.199999999997,2953.0
601,2117,ULSD,2970.49,2117,451.0,22659.7,11431.914213753846,11227.785786246155,10980.914213753846,-246.8715724923095,22208.7,4566.0
602,2118,ULSD,3508.8999999999996,2118,456.4,25078.2,12909.512113950976,12168.687886049025,12453.112113950976,284.42422790195087,24621.8,3756.0
603,2119,ULSD,3743.7900000000004,2119,447.1,27651.1,13232.76794833284,14418.33205166716,12785.667948332839,-1632.6641033343203,27204.0,3329.0
604,2120,ULSD,3572.4700000000007,2120,14.7,459885.9,13548.920131201368,446336.97986879863,13534.220131201368,-432802.75973759725,459871.2,2439.0
605,2121,ULSD,2743.9,2121,459.3,19079.0,9475.947477295651,9603.052522704349,9016.647477295652,-586.4050454086973,18619.7,1982.0
606,2122,ULSD,3249.979999999999,2122,440.5,19797.1,9360.011920792096,10437.088079207902,8919.511920792096,-1517.5761584158063,19356.6,2525.0
607,2123,ULSD,2511.1200000000003,,,,,,,,,
608,2124,ULSD,2872.6200000000003,2124,440.8,20536.6,9885.20826630921,10651.391733690789,9444.40826630921,-1206.9834673815785,20095.8,2238.0
609,2125,ULSD,4203.900000000001,2125,445.0,28428.5,14277.778374153198,14150.721625846802,13832.778374153198,-317.9432516936031,27983.5,1919.0
610,2126,ULSD,3349.55,2126,453.9,23743.8,12414.609329779132,11329.190670220867,11960.709329779133,631.5186595582654,23289.899999999998,2626.0
611,2127,ULSD,4672.340000000001,2127,924.4,32051.1,15605.567847573717,16445.532152426284,14681.167847573717,-1764.3643048525664,31126.699999999997,3359.0
612,2128,ULSD,3952.379999999999,2128,672.8,28868.7,14553.171308339697,14315.528691660304,13880.371308339698,-435.15738332060573,28195.9,2614.0
613,2129,ULSD,3193.74,2129,439.8,23920.8,11758.965994741435,12161.834005258565,11319.165994741435,-842.668010517129,23481.0,2282.0
614,2130,ULSD,4822.920000000002,2130,728.3,532421.4,19612.598957158967,512808.80104284105,18884.298957158968,-493924.50208568206,531693.1,3548.0
615,2131,ULSD,4356.28,2131,950.7,32549.0,16781.975035511336,15767.024964488664,15831.275035511335,64.25007102267045,31598.3,2816.0
616,2132,ULSD,3983.2699999999995,,,,,,,,,
617,2133,ULSD,4486.210000000002,2133,3317.3,434324.6,23039.978761061946,411284.621238938,19722.678761061947,-391561.9424778761,431007.3,2260.0
618,2134,ULSD,3590.1200000000017,2134,488.5,20674.2,13578.169067796618,7096.030932203383,13089.669067796618,5993.638135593235,20185.7,1180.0
619,2135,ULSD,4690.079999999999,2135,4161.8,32459.5,22988.830760165016,9470.669239834984,18827.030760165017,9356.361520330032,28297.7,1697.0
620,2136,ULSD,3689.7400000000002,2136,2300.3,25026.9,16864.018255131938,8162.881744868064,14563.718255131938,6400.8365102638745,22726.600000000002,1364.0
621,2137,ULSD,3397.07,2137,5756.7,23094.5,14708.172360482653,8386.327639517347,8951.472360482654,565.144720965307,17337.8,2652.0
622,2138,ULSD,4621.34,2138,12760.3,32110.6,21797.8979254868,10312.7020745132,9037.5979254868,-1275.1041490263997,19350.3,2362.0
623,2139,ULSD,2736.91,2139,6808.4,22207.8,14261.901059535849,7945.898940464151,7453.501059535849,-492.3978809283017,15399.4,1982.0
624,2140,ULSD,5104.719999999999,2140,14219.1,587105.6,25627.290407938275,561478.3095920617,11408.190407938275,-550070.1191841234,572886.5,1814.0
625,2141,ULSD,3294.8300000000004,2141,1893.3,24463.4,16307.26852546917,8156.131474530832,14413.96852546917,6257.8370509383385,22570.100000000002,1865.0
626,2142,ULSD,3651.5299999999997,2142,7557.6,26014.5,17464.62052489903,8549.87947510097,9907.02052489903,1357.1410497980596,18456.9,1486.0
627,2143,ULSD,3043.3300000000004,2143,57.5,21928.0,12869.060851063774,9058.939148936226,12811.560851063774,3752.621702127548,21870.5,1880.0
628,2144,ULSD,4193.6900000000005,2144,23015.0,29730.6,28727.921250000025,1002.6787499999737,5712.921250000025,4710.242500000051,6715.5999999999985,160.0
629,2145,ULSD,2806.0200000000004,2145,7680.4,18959.9,10615.859999999999,8344.040000000003,2935.459999999999,-5408.580000000004,11279.500000000002,20.0
630,2146,ULSD,3140.82,2146,5685.9,22642.1,21701.805921052637,940.2940789473614,16015.905921052637,15075.611842105276,16956.199999999997,152.0
631,2147,ULSD,1676.05,,,,,,,,,
632,2148,ULSD,1122.1000000000001,,,,,,,,,
633,2149,ULSD,722.72,,,,,,,,,
634,2150,ULSD,1387.6499999999999,2150,1262.5,9523.8,8635.74166666667,888.0583333333288,7373.24166666667,6485.183333333342,8261.3,252.0
635,2151,ULSD,579.23,,,,,,,,,
636,2152,ULSD,1119.0,2152,948.7,8798.8,7889.709202453988,909.0907975460113,6941.009202453988,6031.918404907977,7850.099999999999,163.0
637,2153,ULSD,1392.56,,,,,,,,,
638,2154,ULSD,735.0300000000001,,,,,,,,,
639,2155,ULSD,739.1199999999999,,,,,,,,,
640,2156,ULSD,936.93,,,,,,,,,
641,243,ULSD,4718.070000000001,243,92478.1,138667.3,114146.4662288665,24520.83377113349,21668.366228866493,-2852.467542266997,46189.19999999998,13781.0
642,245,ULSD,533.65,245,504221.7,565465.0,534412.1102843399,31052.88971566013,30190.410284339858,-862.4794313202729,61243.29999999999,24056.0
643,301,ULSD,5187.620000000002,301,342355.5,352014.6,346900.9537985873,5113.646201412659,4545.453798587318,-568.1924028253416,9659.099999999977,1132.0
644,302,ULSD,6583.199999999999,302,244162.7,281027.2,262807.57707897323,18219.622921026777,18644.877078973223,425.25415794644505,36864.5,13865.0
645,303,ULSD,9519.359999999999,303,231775.7,243508.7,237461.43321533906,6047.266784660955,5685.733215339045,-361.53356932190945,11733.0,1695.0
646,304,ULSD,18173.349999999988,304,181312.8,306788.3,251096.4496358151,55691.85036418488,69783.64963581512,14091.79927163024,125475.5,15926.0
647,305,ULSD,6522.09,305,227952.9,264257.9,246501.8838247675,17756.016175232537,18548.983824767492,792.9676495349559,36305.00000000003,13057.0
648,306,ULSD,8156.700000000001,306,234021.3,284361.0,259626.35078983364,24734.64921016636,25605.05078983365,870.4015796672902,50339.70000000001,15383.0
649,307,ULSD,19859.93,307,150530.6,292574.8,220802.6922659493,71772.10773405069,70272.0922659493,-1500.0154681013955,142044.19999999998,18981.0
650,308,ULSD,21419.850000000017,308,253439.1,389428.4,320215.55359987094,69212.84640012908,66776.45359987093,-2436.3928002581524,135989.30000000002,12431.0
651,309,ULSD,8107.7400000000025,309,173855.3,229102.4,201619.8789066557,27482.521093344287,27764.57890665572,282.05781331143226,55247.100000000006,17323.0
652,310,ULSD,6471.16,310,191409.1,260908.7,225017.2546178285,35891.445382171514,33608.15461782849,-2283.2907643430226,69499.6,24871.0
653,5555,ULSD,1941.5,,,,,,,,,
654,7777,ULSD,530.58,,,,,,,,,
655,9927,ULSD,475.36,,,,,,,,,
656,OFFICE,ULSD,2119.84,,,,,,,,,
